no,code,district,road,location,type,lat,long,folder_url
1,ES 001,คลองสามวา,นิมิตใหม่,หน้าโรงเรียนสารสาสน์วิเทศนิมิตใหม่,Type B2,13.86934,100.73196,https://drive.google.com/drive/folders/18nTVSV8jV5xeqwg1oZ5JoAIWklig8ibp
2,ES 002,คลองสามวา,นิมิตใหม่,ตรงข้ามซอยนิมิตใหม่ 61,Type A,13.90858,100.74107,https://drive.google.com/drive/folders/1NE14DP8bOr4zCe2z22L9bNsqSoMS3iuK
3,ES 003,คลองสามวา,นิมิตใหม่,นิมิตใหม่ 64,Type A,13.90987,100.74421,https://drive.google.com/drive/folders/1eJTuX98_m73vMCD2L3WrAedwSLx2gySe
4,ES 004,คลองสามวา,นิมิตใหม่,ปากซอยนิมิตใหม่ 32,Type B,13.8731,100.73192,https://drive.google.com/drive/folders/1MFBO9jB91MJLTGju-Xx-8xSKU77ySHi_
5,ES 005,คลองสามวา,นิมิตใหม่,ปากซอยนิมิตใหม่ 19,Type B,13.85095,100.73205,https://drive.google.com/drive/folders/1EK4BzTuLQmysQu6MlVl_jHpMnOm3nEIR
6,ES 006,คลองสามวา,นิมิตใหม่,ตรงข้ามซอยนิมิตใหม่ 40,Type B,13.88318,100.73164,https://drive.google.com/drive/folders/1d4kiMVA4g0bOKhVRDDqA877hnqWFzthw
7,ES 007,คลองสามวา,นิมิตใหม่,หน้าโรงเรียนวัดสุทธิสะอาด,Type B,13.87719,100.73189,https://drive.google.com/drive/folders/1S5dRiFNWSDhvWWSp3EtOo6F6MjO8F0P0
8,ES 008,คลองสามวา,นิมิตใหม่,ซอยนิมิตใหม่ 40,Type B,13.88392,100.73185,https://drive.google.com/drive/folders/1Q47evLoYZX8akn-uKqTmqrF9niEyJI9g
9,ES 009,คลองสามวา,เลียบคลองสอง,ซอยเลียบคลองสอง 8,Type B,13.86004,100.70339,https://drive.google.com/drive/folders/1M86fQ06LUGa8jgF9MJibYK2xMiZ-0sUB
10,ES 010,คลองสามวา,เลียบคลองสอง,เลยซอยเลียบคลองสอง 3,Type B,13.859428,100.695821,https://drive.google.com/drive/folders/1DonoKe7Qe5tCieRi8QCRWOUooTFDfeaq
11,ES 011,คลองสามวา,เลียบคลองสอง,เลยซอยเลียบคลองสอง 9,Type B,13.859749,100.699072,https://drive.google.com/drive/folders/1Z8FfZZFxcDLe4vER780yu8afn1sXkua5
12,ES 012,คลองสามวา,เลียบคลองสอง,ก่อนถึงซอยเลียบคลองสอง 11,Type B,13.860195,100.702759,https://drive.google.com/drive/folders/1fSqXGlbVHcWnxErX1f_6IXOO_FzXOqo3
13,ES 013,คลองสามวา,เลียบคลองสอง,เลยซอยเลียบคลองสอง 15,Type B,13.860488,100.706118,https://drive.google.com/drive/folders/1xDK3MGsJBf12mEr3CMxCN2n1LTU4kvIc
14,ES 014,คลองสามวา,เลียบคลองสอง,เลยซอยเลียบคลองสอง 19,Type B,13.860765,100.709261,https://drive.google.com/drive/folders/1UOri1iS8FVb0AZoUe6G31yC8y6mdHwKn
15,ES 015,คลองสามวา,เลียบคลองสอง,ก่อนถึงซอยเลียบคลองสอง 28,Type B,13.861307,100.71727,https://drive.google.com/drive/folders/1w7e0aEb7pfSEa5oGpwCBgq-kBJlo4cUN
16,ES 016,คลองสามวา,เลียบคลองสอง,เลยซอยเลียบคลองสอง 18,Type B,13.860632,100.709656,https://drive.google.com/drive/folders/1WmTeoygvzok-jJmg2LP7zqxMGikAWe_h
17,ES 017,คลองสามวา,เลียบคลองสอง,ก่อนถึงซอยเลียบคลองสอง 14,Type B,13.860277,100.706022,https://drive.google.com/drive/folders/10fy4c7O2dDdXlpXKBOEABnbpKYUkKkz3
18,ES 018,คลองสามวา,เลียบคลองสอง,หน้าหมู่บ้านคุสิตแกรนปาร์ค,Type B,13.859541,100.699195,https://drive.google.com/drive/folders/1omj8FCIOE4pyNMuBSgr498UnkF5W9kFz
19,ES 019,คลองสามวา,เลียบคลองสอง,เลยซอยเลียบคลองสอง 6,Type B,13.859249,100.695819,https://drive.google.com/drive/folders/1JcTPbqPDrzsj1zQsrRtb9W16smuGWrlo
20,ES 020,คลองสามวา,พระยาสุเรนทร์,ตรงข้ามตลาดพระยาสุเรนทร์,Type B,13.83991,100.69665,https://drive.google.com/drive/folders/1nrZv7JyPvTuVoL3M6iL_1TfT-bQxNtfZ
21,ES 021,คลองสามวา,พระยาสุเรนทร์,หน้าวัดสัมมาชัญญาวาส,Type B,13.85469,100.69336,https://drive.google.com/drive/folders/17WPPOxlIoAU28ICC1Zjmh8WrTK2Wm-6d
22,ES 022,คลองสามวา,พระยาสุเรนทร์,ตรงข้ามซอยพระยาสุเรนทร์ 35,Type B,13.85232,100.69354,https://drive.google.com/drive/folders/1oSRxasF8bAwa7ozcamuUjU4itPwRBBXa
23,ES 023,คลองสามวา,พระยาสุเรนทร์,ตรงข้ามซอยพระยาสุเรนทร์ 31,Type B,13.84845,100.69531,https://drive.google.com/drive/folders/1riqGdCLt165ed1myV_xEjP0xq1ddl_CS
24,ES 024,คลองสามวา,พระยาสุเรนทร์,ตรงข้ามซอยพระยาสุเรนทร์ 20,Type B,13.825244,100.699633,https://drive.google.com/drive/folders/1UQN8b-vfsBEjqtfUl7ALBivkxZtQmyT8
25,ES 025,คลองสามวา,พระยาสุเรนทร์,เลยซอยพระยาสุเรนทร์ 11,Type B,13.826836,100.699268,https://drive.google.com/drive/folders/1BA8W9pTzHluQGd52nU4qB-aZ97JkFbW-
26,ES 026,คลองสามวา,พระยาสุเรนทร์,ก่อนถึงซอยพระยาสุเรนทร์ 21,Type B,13.833429,100.697979,https://drive.google.com/drive/folders/1Tf_rbb7SHMvtiAG4qfpOmUysa7OIIp_a
27,ES 027,คลองสามวา,พระยาสุเรนทร์,หน้าเทสโก้โลตัส ก่อนถึงคลองลักกะเขต,Type B,13.835988,100.697125,https://drive.google.com/drive/folders/17K24reDJpW9yqO9bO7IYPFMNGeMXdofA
28,ES 028,คลองสามวา,พระยาสุเรนทร์,หน้าบ้านเจ้าวิเชียรพระยาสุเรนทร์,Type B,13.839431,100.696363,https://drive.google.com/drive/folders/1S9L0ZkKkBC1L0ttWOM5BW5WFnhf5E5J7
29,ES 029,คลองสามวา,พระยาสุเรนทร์,เลยซอยพระยาสุเรนทร์ 27,Type B,13.84193,100.69613,https://drive.google.com/drive/folders/1yh5KkoB8umTdN_TNFYMMVrYzAMeKSois
30,ES 030,คลองสามวา,พระยาสุเรนทร์,เออโรงเรียนประชาราษฎร์อุปถัมภ์วิทยา,Type B,13.844513,100.696054,https://drive.google.com/drive/folders/1y1DacRaWGyghcj8dZANiX1gv49ZTSmG-
31,ES 031,คลองสามวา,พระยาสุเรนทร์,ตรงข้ามซอยพระยาสุเรนทร์ 32,Type B,13.847854,100.695381,https://drive.google.com/drive/folders/1y7wL6taA86NLxEceag-6-VpVzfykk22N
32,ES 032,คลองสามวา,พระยาสุเรนทร์,ก่อนถึงซอยพระยาสุเรนทร์ 33,Type B,13.851262,100.693665,https://drive.google.com/drive/folders/1qoRdu0pa8WxluUCIBmf7OysJst1tGyl5
33,ES 033,คลองสามวา,พระยาสุเรนทร์,เลยซอยพระยาสุเรนทร์ 35,Type B,13.852895,100.693126,https://drive.google.com/drive/folders/1nIpRlRPAdplAd_rsA_nCsOvYHffnjXNt
34,ES 034,คลองสามวา,พระยาสุเรนทร์,เลยซอยพระยาสุเรนทร์ 32,Type B,13.847854,100.697249,https://drive.google.com/drive/folders/1GlINSmTPhjZKFNVS9C3dsTKlxoGZVRSX
35,ES 035,คลองสามวา,พระยาสุเรนทร์,ตรงข้ามเยื้องโรงเรียนประชาราษฎร์อุปถัมภ์วิทยา,Type B,13.846295,100.696237,https://drive.google.com/drive/folders/1ZoxQwiCLmJV7a_fzWdHPPpzdKWfR9da7
36,ES 036,คลองสามวา,พระยาสุเรนทร์,ตรงข้ามเทสโก้โลตัส เลยคลองลักกะเขต,Type B,13.827362,100.699379,https://drive.google.com/drive/folders/1eqk6OnJrF0G1KyH56vPhvkE6vg7RY6v-
37,ES 037,คลองสามวา,พระยาสุเรนทร์,ตรงข้ามซอยพระยาสุเรนทร์ 21,Type B,13.833422,100.697985,https://drive.google.com/drive/folders/1VWhEj2ZCi7DsOUpT9KNa4IJ2U4LFJUK6
38,ES 038,คลองสามวา,พระยาสุเรนทร์,ตรงข้ามซอยพระยาสุเรนทร์ 13,Type B,13.829308,100.699576,https://drive.google.com/drive/folders/1ORLx2ph7jbzNh3601mgV3dtznluJYaPa
39,ES 039,คลองสามวา,พระยาสุเรนทร์,ก่อนถึงซอยพระยาสุเรนทร์ 24,Type B,13.827167,100.699341,https://drive.google.com/drive/folders/1B4oTpmfow6SnUDRI1d01tZ_GpbtqeQPL
40,ES 040,คลองสามวา,หทัยราษฎร์,ปากซอยหทัยราษฎร์ 14,Type B,13.86675,100.72266,https://drive.google.com/drive/folders/1x980XO_khZT8-QmSHKOf_cYUzzeSYVQH
41,ES 041,คลองสามวา,หทัยราษฎร์,ปากซอยหทัยราษฎร์ 18,Type B,13.87153,100.72261,https://drive.google.com/drive/folders/1Of6OzaZuUz25n_RCvAkzR9Xq6DDyfVlE
42,ES 042,คลองสามวา,หทัยราษฎร์,ปากซอยหทัยราษฎร์ 35,Type B,13.87181,100.72232,https://drive.google.com/drive/folders/1bLPj8gYjYTtCzaFqEKUXfjhnuhUYhVqr
43,ES 043,คลองสามวา,หทัยราษฎร์,เลยซอยหทัยราษฎร์ 28,Type B,13.843688,100.722168,https://drive.google.com/drive/folders/1UIVn9pZHoeQkHjlhOCyTU1j2mG9sMWT6
44,ES 044,คลองสามวา,หทัยราษฎร์,หน้าหมู่บ้านคาซ่าวิลล์,Type B,13.91841,100.71644,https://drive.google.com/drive/folders/1whTd4P083MtM3N6hf-zcZXaO9ohRT1d5
45,ES 045,คลองสามวา,หทัยราษฎร์,ก่อนถึงหมู่บ้านภัทรินทร์ 2,Type B,13.83778,100.720054,https://drive.google.com/drive/folders/10Ft1JtU_GfpTdPJGnMTQ9bUzI2M8-q6v
46,ES 046,คลองสามวา,หทัยราษฎร์,ตรงข้ามเยื้องบริษัท ดี ดู การาจ,Type B,13.84342,100.720461,https://drive.google.com/drive/folders/16tbYd_7vgrdNJNFI303SCE1SguL6tZix
47,ES 047,คลองสามวา,หทัยราษฎร์,เลย ปั๊ม ปตท. แสงอาร์วีแสตชั่น,Type B,13.851122,100.721595,https://drive.google.com/drive/folders/1HT--BkUPWjXk6u10A95KXYqFY5-IyuyX
48,ES 048,คลองสามวา,หทัยราษฎร์,เลยซอยหทัยราษฎร์ 33/1,Type B,13.854298,100.721724,https://drive.google.com/drive/folders/1wvChADjc0GHkdpST2hvqpl5ll9gjQqma
49,ES 049,คลองสามวา,หทัยราษฎร์,ตรงข้ามเยื้องตลาดหทัยมิตร,Type B,13.860314,100.7222,https://drive.google.com/drive/folders/1d8-wArUjqfDUSEXtzNWOUThi5sveh-FR
50,ES 050,คลองสามวา,หทัยราษฎร์,เลยซอยหทัยราษฎร์ 37,Type B,13.876804,100.722262,https://drive.google.com/drive/folders/15bgdywzWdBvH-6Ymc8xHJgjDvs2COr0K
51,ES 051,คลองสามวา,หทัยราษฎร์,หน้าบริษัทเซ็นไมโครไพล์,Type B,13.88183,100.722185,https://drive.google.com/drive/folders/1Pr09s4RUzlhZY4v17H86CoKO8_oC2lNY
52,ES 052,คลองสามวา,หทัยราษฎร์,หน้าร้านประยาตศาหัย,Type B,13.884819,100.722185,https://drive.google.com/drive/folders/1MTeUqcMUpMXX3wkWYluBAdcR1O-LfDuF
53,ES 053,คลองสามวา,หทัยราษฎร์,เลยซอยหทัยราษฎร์ 39,Type B,13.887674,100.722145,https://drive.google.com/drive/folders/1pOMA1TJ1H2LEe6S9yOop7ivXiIncdL14
54,ES 054,คลองสามวา,หทัยราษฎร์,ก่อนถึงตรวจสภาพพรอดพิพัฒน์เชอร์วิส,Type B,13.891326,100.722043,https://drive.google.com/drive/folders/1z7b7vtzdnlWMUKawIBSJMabSaT0qS-7g
55,ES 055,คลองสามวา,หทัยราษฎร์,ตรงข้ามซอยหทัยราษฎร์ 34/2,Type B,13.897423,100.721831,https://drive.google.com/drive/folders/1JYRN5X5XOIbRo8SmsEVDL-2X_yKX6jN5
56,ES 056,คลองสามวา,หทัยราษฎร์,ตรงข้ามซอยหทัยราษฎร์ 34/3ก,Type B,13.90094,100.721879,https://drive.google.com/drive/folders/1_QKdO2G-c5_Ee6N0p7ncWEzKgsXamsOs
57,ES 057,คลองสามวา,หทัยราษฎร์,ก่อนถึง บริษัท RCM 88,Type B,13.904742,100.721582,https://drive.google.com/drive/folders/1SWoUoAySOosQbd5cF-UTIHTTt9TIDoV1
58,ES 058,คลองสามวา,หทัยราษฎร์,เลยซอยหทัยราษฎร์ 43,Type B,13.908675,100.721731,https://drive.google.com/drive/folders/15WbLWsn1nvyjuIa2cblWUNRMWNn88g5I
59,ES 059,คลองสามวา,หทัยราษฎร์,ตรงข้ามซอยหทัยราษฎร์ 48,Type B,13.912847,100.721609,https://drive.google.com/drive/folders/14bDP73GPpkYKT_JBtabSAAz5BDz6OZxR
60,ES 060,คลองสามวา,หทัยราษฎร์,ตรงข้ามหน้าบ้านเดอะทรัสต์วิลล์,Type B,13.917129,100.718325,https://drive.google.com/drive/folders/1qszUvQf4rqv100-mW8ZYAOH-3VVl9Bor
61,ES 061,คลองสามวา,หทัยราษฎร์,ก่อนถึงซอยหทัยราษฎร์ 52,Type B,13.91488,100.721156,https://drive.google.com/drive/folders/1siH7zPowThz0IOkv27gQfEPnwUAyJJR2
62,ES 062,คลองสามวา,หทัยราษฎร์,เลยซอยหทัยราษฎร์ 46,Type B,13.912053,100.721762,https://drive.google.com/drive/folders/1leUZDGhN5aJNdEjluBNrxLIdWeKPie6q
63,ES 063,คลองสามวา,หทัยราษฎร์,เลยซอยหทัยมิตร,Type B,13.910005,100.721801,https://drive.google.com/drive/folders/1-WXE3kSJ9tJJl-iZxTRSfgaTr1tOYQRf
64,ES 064,คลองสามวา,หทัยราษฎร์,เลยซอยหทัยราษฎร์ 40,Type B,13.905231,100.721904,https://drive.google.com/drive/folders/1GQBWKt_8m3Y7fVPZ_r0OKDw1YtEpLJLp
65,ES 065,คลองสามวา,หทัยราษฎร์,เลยซอยหทัยราษฎร์ 38,Type B,13.90292,100.721914,https://drive.google.com/drive/folders/1bnBuPe5DVor3h2Qz1ZEr51I91SfhGZP7
66,ES 066,คลองสามวา,หทัยราษฎร์,ก่อนถึงซอยหทัยราษฎร์ 34/2,Type B,13.897505,100.721851,https://drive.google.com/drive/folders/1kYSCFMQHWlRrROz6rpzFpXsLTcCm564s
67,ES 067,คลองสามวา,หทัยราษฎร์,ก่อนถึงซอยหทัยราษฎร์ 34/1,Type B,13.892162,100.726106,https://drive.google.com/drive/folders/1EM_Hreu307QLvX81CqQI-ZH3__PKGOuE
68,ES 068,คลองสามวา,หทัยราษฎร์,เลยซอยหทัยราษฎร์ 34,Type B,13.888744,100.722284,https://drive.google.com/drive/folders/1J6UdEN6AjebWktVHffSj-Uj7UJxL1blb
69,ES 069,คลองสามวา,หทัยราษฎร์,เลยซอยหทัยราษฎร์ 26,Type B,13.880866,100.722368,https://drive.google.com/drive/folders/1gyyS5FN6kBTOj29Jj_T4xbJ2xR3R1dkI
70,ES 070,คลองสามวา,หทัยราษฎร์,เลยซอยหทัยราษฎร์ 24,Type B,13.876469,100.722497,https://drive.google.com/drive/folders/1IvKe3U1E_xGAKdaw0p5godx3nFLxTxQp
71,ES 071,คลองสามวา,หทัยราษฎร์,หน้าตลาดหทัยมิตร,Type B,13.859321,100.722343,https://drive.google.com/drive/folders/1qiuPa_E57EyMr3yLOEVw4yAgW-xRi8X1
72,ES 072,คลองสามวา,หทัยราษฎร์,เลยหมู่บ้านทรินิตี้ 5,Type B,13.856838,100.722202,https://drive.google.com/drive/folders/11m-sYhdKcJbNHXd6dteMVwXjYyNXpAn9
73,ES 073,คลองสามวา,หทัยราษฎร์,ก่อนถึงซอยสุกนงรส 2,Type B,13.849332,100.722668,https://drive.google.com/drive/folders/1JtALkfYAJZkiEoReBXxi7dbGmjdDTv98
74,ES 074,คลองสามวา,หทัยราษฎร์,หน้าร้านอาหารวิวน้ำ,Type B,13.840622,100.720588,https://drive.google.com/drive/folders/1qAtS6gEHIeIIQiuvwzKX6pPkfnvgkq-V
75,ES 075,คันนายาว,สวนสยาม,ตรงข้ามหน้าสวนสยาม,Type B2,13.80448,100.69148,https://drive.google.com/drive/folders/1P1PEV-98bZI_FIqb7rWGDTcWzCDU6jw8
76,ES 076,คันนายาว,สวนสยาม,หน้าสวนสยาม,Type B2,13.80624,100.69155,https://drive.google.com/drive/folders/1WzbQtjEqajWHavJmjjGTgjVLZwAtKthA
77,ES 077,คันนายาว,เสรีไทย,หน้าซอยเสรีไทย 65,Type B2,13.792736,100.684802,https://drive.google.com/drive/folders/1TwcR5-1W8RrKDbDkzGWerxU7Si93w-4u
78,ES 078,คันนายาว,เสรีไทย,เลยซอยเสรีไทย 59,Type B2,13.78898,100.677983,https://drive.google.com/drive/folders/17J_uTpKGEerV7vut_hjiMQGJbP__Eijx
79,ES 079,คันนายาว,เสรีไทย,ก่อนถึงซอยเสรีไทย 61,Type B2,13.790696,100.679975,https://drive.google.com/drive/folders/1hY6257D3e1yXhBpN2RucsBHLabHU3RWK
80,ES 080,คันนายาว,เสรีไทย,หน้าหมู่บ้านเศรษฐสิริ,Type B2,13.794204,100.68837,https://drive.google.com/drive/folders/1Cth7UJfKJxtneLLckj9-UYM0k7Iyyq0Q
81,ES 081,คันนายาว,เสรีไทย,เลยซอยเสรีไทย 71/1,Type B2,13.794513,100.689093,https://drive.google.com/drive/folders/1D6gYhwMhOwbpLAxcp0FPeZhuD_r6Zkow
82,ES 082,คันนายาว,เสรีไทย,ก่อนถึงซอยเสรีไทย 83,Type B2,13.797428,100.695685,https://drive.google.com/drive/folders/1EJEsuVkrAHIHIYpvv8toIcHS6-Hw9YJ6
83,ES 083,คันนายาว,เสรีไทย,ตรงข้ามซอยเสรีไทย 56 (ปอเด็กกิ้ง),Type B2,13.799335,100.700387,https://drive.google.com/drive/folders/1NAlkTlC7A-js614E0sFnHLA2IiVDUl-T
84,ES 084,คันนายาว,เสรีไทย,ก่อนถึงซอยเสรีไทย 54 (ปอเด็กกิ้ง),Type B2,13.799335,100.698258,https://drive.google.com/drive/folders/1E7PoxdrZPU09RSqZGz_hwnIAlQG__x35
85,ES 085,คันนายาว,เสรีไทย,หน้าศูนย์ไฮโตต้า (ปอเด็กกิ้ง),Type B2,13.79808,100.689257,https://drive.google.com/drive/folders/1LL1aDBUBiBhr3zA2rhu3BlrAltr0tspC
86,ES 086,คันนายาว,เสรีไทย,เลยซอยเสรีไทย 44,Type B2,13.792497,100.684976,https://drive.google.com/drive/folders/1WvrWNo5ZOILwFGwQp2Z0ujoLKhrUQLHI
87,ES 087,คันนายาว,เสรีไทย,ตรงข้ามซอยเสรีไทย 61,Type B2,13.790739,100.680986,https://drive.google.com/drive/folders/1VX4_W4gJjGzjIeaKFwUWQO0mMOPiG8cc
88,ES 088,คันนายาว,เสรีไทย,ก่อนถึงซอยเสรีไทย 38,Type B2,13.788759,100.67816,https://drive.google.com/drive/folders/1cfFdy8ZyT6palBXYLlPoES91mkVALpJs
89,ES 089,คันนายาว,เสรีไทย,เลยซอยเสรีไทย 32,Type B2,13.784329,100.67441,https://drive.google.com/drive/folders/15-el_EYu-zIDa3WrpjlQTEXgVpFV5t-s
90,ES 090,บางกะปิ,ลาดพร้าว,หน้าปากซอยตลาดพร้าว 142,Type B2,13.76953,100.63877,https://drive.google.com/drive/folders/18peWArdt32hwTyCwcP2OPCy8v6qpVXgW
91,ES 091,บางกะปิ,รามคำแหง,ปากซอยรามคำแหง 111,Type B2,13.767961,100.658166,https://drive.google.com/drive/folders/1K1yYiF8HreH2cqkToIbFyxeS5lCrehf7
92,ES 092,บางกะปิ,รามคำแหง,ปากซอยรามคำแหง 60/5 (1),Type B,13.76392,100.65137,https://drive.google.com/drive/folders/1qluyh4OsUaTN-EEXfukLcNBZ5k5ia6fV
93,ES 093,บางกะปิ,รามคำแหง,ปากซอยรามคำแหง 60/5 (2),Type A,13.76392,100.65127,https://drive.google.com/drive/folders/1mprHTxD7pdk4ZsWsKIpHswPf6EzR45fs
94,ES 094,บางกะปิ,รามคำแหง,หน้าสถานีตำรวจนครบาลตลาดพร้าว,ลอนโค้ง,13.76793,100.64756,https://drive.google.com/drive/folders/1WIrw42xLAVHJBV3dNr9yT90MlclFNxGw
95,ES 095,บางกะปิ,นวมินทร์,หน้าหน่วยตการทหารบางกะปิ,ลอนโค้ง,13.76946,100.64732,https://drive.google.com/drive/folders/1ryjMAaJgH9XEO9TWL9xkhUAw9qTufO0C
96,ES 096,บางกะปิ,นวมินทร์,หน้าโรงเรียนบ้านบางกะปิ,ลอนโค้ง,13.77146,100.64715,https://drive.google.com/drive/folders/1xuMV9zx-86O108jqERbIO6MIF8Zh4ZCB
97,ES 097,บางกะปิ,นวมินทร์,เลยซอยนวมินทร์ 7,ลอนโค้ง,13.77402,100.64585,https://drive.google.com/drive/folders/104qGaurFNUumPXNNRZ75GABr31rUxcMo
98,ES 098,บางกะปิ,นวมินทร์,เลยซอยนวมินทร์ 31,ลอนโค้ง,13.77777,100.64448,https://drive.google.com/drive/folders/1ZQjJqbanVhw53f7O4_hUbenQPx0w4SDo
99,ES 099,บางกะปิ,นวมินทร์,เลยซอยนวมินทร์ 49,ลอนโค้ง,13.78363,100.64711,https://drive.google.com/drive/folders/1cVkqBuIJF9bHK89lUBzRLSD42zAtNr9x
100,ES 100,บางกะปิ,นวมินทร์,เลยซอยนวมินทร์ 45,ลอนโค้ง,13.782146,100.645901,https://drive.google.com/drive/folders/1dAhPJghf0539RzclmXXY5bNxk1iiCiFp
101,ES 101,บางกะปิ,นวมินทร์,เลยซอยนวมินทร์ 20,ลอนโค้ง,13.78306,100.647001,https://drive.google.com/drive/folders/1o_d4tke438HF18lpNokwTf7vyV6Z10KB
102,ES 102,บางกะปิ,นวมินทร์,เลยซอยนวมินทร์ 18,ลอนโค้ง,13.781723,100.646285,https://drive.google.com/drive/folders/1McC2h390xaqfPoPSTj_5PGT1Ke7CM0gP
103,ES 103,บางกะปิ,นวมินทร์,หน้าสนามกีฬาคลองจั่น,ลอนโค้ง,13.77817,100.64456,https://drive.google.com/drive/folders/14OoNnJGucdjDBnWG1y2xIvNPjXjF3TjR
104,ES 104,บางกะปิ,นวมินทร์,เลยซอยนวมินทร์ 10,ลอนโค้ง,13.7757,100.64524,https://drive.google.com/drive/folders/1MdoF2RhqMJ-Ibqahacz-b_xxu6c6s6J4
105,ES 105,บางกะปิ,นวมินทร์,บริเวณหน้าการเคหะแห่งชาติ,ลอนโค้ง,13.774435,100.64589,https://drive.google.com/drive/folders/1A8BYTOnkXJ4yCKMh6e8WNq7yIsHxhHC6
106,ES 106,บางกะปิ,นวมินทร์,หน้าแฝดตลองจั่น 20,ลอนโค้ง,13.771867,100.647478,https://drive.google.com/drive/folders/1rLIVs0GU-LGL96HCrZwFytNCJsY9zE46
107,ES 107,บางกะปิ,นวมินทร์,เลยซอยนวมินทร์ 6,ลอนโค้ง,13.77022,100.64746,https://drive.google.com/drive/folders/1fxpZd6KnksVQzFwq2RVzIzLa1LdtiQXp
108,ES 108,บึงกุ่ม,ศรีบูรพา,ตรงข้ามแฝด 2,Type A,13.773934,100.653664,https://drive.google.com/drive/folders/1JhofdCK-6_Um_yHXptEVKDw_c3fOmu20
109,ES 109,บึงกุ่ม,ศรีบูรพา,ตรงข้ามร้านอาหารตีดกมะดัน,Type B,13.778227,100.651984,https://drive.google.com/drive/folders/10hngUqPrxUoSzYcrSulPrGscCFGGG52Y
110,ES 110,บึงกุ่ม,ศรีบูรพา,ตรงข้ามแฝด 5 (คลองจั่น),Type A,13.775729,100.653178,https://drive.google.com/drive/folders/1xEbLqRK3UnYy90tbZeN6_0otcpOcGYzT
111,ES 111,บึงกุ่ม,ศรีบูรพา,ตรงข้ามซอย 8,Type B,13.78092,100.65019,https://drive.google.com/drive/folders/1K2ZqhdqN6aeAb1T1KsQ3kS2nsrxphhzy
112,ES 112,บึงกุ่ม,ประดิษฐ์มนูธรรม,หน้าหมู่บ้านบมณียา,Type B2,13.84354,100.63649,https://drive.google.com/drive/folders/1I4MdKeH43QGJpBsR-MJSYv6p9nuuHheK
113,ES 113,บึงกุ่ม,ประดิษฐ์มนูธรรม,หน้าบ้านเลขที่ 29/592,Type B2,13.836781,100.633146,https://drive.google.com/drive/folders/1HDMS2PNBxzVSj8M4kfzWRaCK5-tj-HEs
114,ES 114,บึงกุ่ม,ประดิษฐ์มนูธรรม,ก่อนถึงคลองอ้ายเสือ,Type B2,13.822338,100.627013,https://drive.google.com/drive/folders/1T4ZlHVgd563OyXD9Nke9ohKLu5amaxDA
115,ES 115,บึงกุ่ม,ประดิษฐ์มนูธรรม,เลยสถานีบริการน้ำมันเดลโซ่ (ตรงข้ามร้านอาหารระเบียงไม้),Type B2,13.818633,100.625129,https://drive.google.com/drive/folders/1rMdVQhpZuv2ngV2lS3Z1b-v1YXT8qMK3
116,ES 116,บึงกุ่ม,ประดิษฐ์มนูธรรม,เลยทางเข้าถนนนวลจันทร์,Type B2,13.838643,100.634169,https://drive.google.com/drive/folders/1mUU38SKNApgRpsyv8_gUlB0HYw4108Z1
117,ES 117,บึงกุ่ม,นวลจันทร์,เบื้องตรงข้ามซอยนวลจันทร์ 22,Type B,13.82114,100.64326,https://drive.google.com/drive/folders/12WsbK20KqcJpLox6thWq-umV7UAEBfoE
118,ES 118,บึงกุ่ม,นวลจันทร์,หน้าแสงเจริญฟอร์นิเจอร์,Type B,13.82395,100.64185,https://drive.google.com/drive/folders/1nHa_2iGDNOQnSw6B0898JJ2H7sOq_l9X
119,ES 119,บึงกุ่ม,นวลจันทร์,เลยซอยนวลจันทร์ 17,Type B,13.82568,100.64098,https://drive.google.com/drive/folders/109lmSyU3_23B3pVJFiKgfMXMJSYqEY1_
120,ES 120,บึงกุ่ม,นวลจันทร์,ก่อนถึงซอยนวลจันทร์ 21,Type B,13.829537,100.63838,https://drive.google.com/drive/folders/1BLSeu5_u7AdgAr-kb1Y5DCDuY39c07hy
121,ES 121,บึงกุ่ม,นวลจันทร์,เลยซอยนวลจันทร์ 23,Type B,13.832922,100.637584,https://drive.google.com/drive/folders/1EcIdjHG5EDZeYnk_MOroQcA05ssH4OGv
122,ES 122,บึงกุ่ม,นวลจันทร์,เบื้องตรงข้ามซอยนวลจันทร์ 62 (ไม่มีม้านั่ง),Type B2,13.838025,100.635714,https://drive.google.com/drive/folders/1pVIADaGq3xjU-tX80s2kRvGulxVvJrX0
123,ES 123,บึงกุ่ม,นวลจันทร์,เลยซอยนวลจันทร์ 62,Type B,13.838065,100.63582,https://drive.google.com/drive/folders/12qYQqqJiVQH2mXeXgsvZ3RgJv8vDPCic
124,ES 124,บึงกุ่ม,นวลจันทร์,หน้าวัดนวลจันทร์,Type B,13.835982,100.637161,https://drive.google.com/drive/folders/1kNqwcoXcKK1Nb8ttdEcANl4J4cT7XQLz
125,ES 125,บึงกุ่ม,นวลจันทร์,เลยซอยนวลจันทร์ 58,Type B,13.833439,100.637752,https://drive.google.com/drive/folders/1Vk6Ueq9PqRWt-05tMirCO6GaET4reqEX
126,ES 126,บึงกุ่ม,นวลจันทร์,เลยซอยนวลจันทร์ 46,Type B,13.829155,100.638836,https://drive.google.com/drive/folders/1YLkWwhyMtvd2Df-4nW6R7z1IpoXEiPOa
127,ES 127,บึงกุ่ม,นวลจันทร์,เลยซอยนวลจันทร์ 38,Type B,13.827474,100.639986,https://drive.google.com/drive/folders/17NR83DONT3vGtKJIHq3WS3Sv2Z8lId5a
128,ES 128,บึงกุ่ม,นวลจันทร์,ก่อนถึงซอยนวลจันทร์ 32,Type B,13.826051,100.640908,https://drive.google.com/drive/folders/17ehJL3ug7kGTDU1yzbRKSUSqsHiC3HA3
129,ES 129,บึงกุ่ม,นวลจันทร์,เลยซอยนวลจันทร์ 26,Type B,13.82594,100.64095,https://drive.google.com/drive/folders/1IS_6VBFNztmBkuiPEb1abCJDTyDO0LjJ
130,ES 130,บึงกุ่ม,นวลจันทร์,เลยซอยนวลจันทร์ 22,Type B,13.820932,100.643503,https://drive.google.com/drive/folders/18ghipLPpvl7wy9pnsjq1db2AvWK55FYE
131,ES 131,บึงกุ่ม,นวมินทร์,นวมินทร์ 107 (จุดหยุดแทน),Type B2,13.80586,100.648109,https://drive.google.com/drive/folders/1D3OGpTf8uMD8MxT5rax-IJSKlmwWWoqu
132,ES 132,มีนบุรี,เสรีไทย,ซอยเสรีไทย 52,ลอนโค้ง,13.79705,100.695727,https://drive.google.com/drive/folders/1Or34_hLnQaBuCG-_pY0SEpJMY9C2ivJM
133,ES 133,บึงกุ่ม,นวลจันทร์,เบื้องตรงข้ามซอยนวลจันทร์ 26,ลอนโค้ง,13.81316,100.64711,https://drive.google.com/drive/folders/1hqjDUEDsDJz8dHtk4UyuzO3ts_Ou3CFi
134,ES 134,บึงกุ่ม,เสรีไทย,เลยซอยเสรีไทย 19,Type B2,13.77544,100.65882,https://drive.google.com/drive/folders/16-K5EYBO6BzfhIrtocrTWU30BFzM-JIA
135,ES 135,บึงกุ่ม,เสรีไทย,ก่อนถึงซอยเสรีไทย 23,Type B2,13.776922,100.661554,https://drive.google.com/drive/folders/1xPO1svwuqDQgFWozifOTf4UmUu5SYQzf
136,ES 136,บึงกุ่ม,เสรีไทย,เลยซอยเสรีไทย 29,Type B2,13.77865,100.665264,https://drive.google.com/drive/folders/1dTQThaMxhiaMbqort9GWG2ghBXpMWWaM
137,ES 137,บึงกุ่ม,เสรีไทย,เลยซอยเสรีไทย 16,Type B2,13.780559,100.669417,https://drive.google.com/drive/folders/1vVB8WH4qatl6Iz3AM9H4_AvLAgJ-jeyZ
138,ES 138,บึงกุ่ม,เสรีไทย,ก่อนถึงซอยเสรีไทย 12,Type B2,13.778611,100.665775,https://drive.google.com/drive/folders/18Z-W0QuhlKnknNunJBrR30YZovvI6P1F
139,ES 139,บึงกุ่ม,เสรีไทย,ก่อนถึงซอยเสรีไทย 8,Type B2,13.776254,100.661224,https://drive.google.com/drive/folders/1yTpENK6S7OAELUVtDD6CiGNF6bKW1sgp
140,ES 140,บึงกุ่ม,เสรีไทย,เลยซอยเสรีไทย 4,Type B,13.775108,100.658676,https://drive.google.com/drive/folders/1u3hs6vl2RMEjsN4h4t39-tvuzevVOEBi
141,ES 141,บึงกุ่ม,เสรีไทย,หน้าโลตัสก่อนถึงปากซอยเสรีไทย 53,Type B2,13.784273,100.673983,https://drive.google.com/drive/folders/1ULEyw_kzULo1fdm_ReeMLptMEWYu08Cf
142,ES 142,บึงกุ่ม,เสรีไทย,ก่อนถึงซอยเสรีไทย 37,ลอนโค้ง,13.77983,100.66764,https://drive.google.com/drive/folders/1WMcQaCxRXyBo9fxtY9EzsydiiXxkntGg
143,ES 143,บึงกุ่ม,เสรีไทย,ก่อนถึงซอยเสรีไทย 41,ลอนโค้ง,13.780717,100.669121,https://drive.google.com/drive/folders/1npGIkt_Ce0BtHNVebUOqj8ok0igDcB1x
144,ES 144,บึงกุ่ม,เสรีไทย,เลยซอยเสรีไทย 45,ลอนโค้ง,13.782772,100.67238,https://drive.google.com/drive/folders/1JQhQTSKKHLiyYfgDGj-Lk6wPTZ8gyMhC
145,ES 145,บึงกุ่ม,เสรีไทย,เลยซอยเสรีไทย 57,ลอนโค้ง,13.786179,100.675728,https://drive.google.com/drive/folders/1TNfWopYBAB3G8jOm4jgoLQYTEEAQn42E
146,ES 146,บึงกุ่ม,เสรีไทย,เลยซอยเสรีไทย 2,ลอนโค้ง,13.77357,100.65625,https://drive.google.com/drive/folders/1uVssePKKpHfFqXr-0TLwab5vqnZ7KzPD
147,ES 147,บึงกุ่ม,นวมินทร์,เลยซอยนวมินทร์ 55,ลอนโค้ง,13.785951,100.64849,https://drive.google.com/drive/folders/1XBBumng-k9WlQYm-Lp4nwOrHQ3KBrK50
148,ES 148,บึงกุ่ม,นวมินทร์,เลยซอยนวมินทร์ 63,ลอนโค้ง,13.790056,100.651478,https://drive.google.com/drive/folders/1hUdo-P0-lcYGECzwtVF1Ph6rHM0QnefK
149,ES 149,บึงกุ่ม,นวมินทร์,เลยซอยนวมินทร์ 69,ลอนโค้ง,13.792564,100.652312,https://drive.google.com/drive/folders/1voFDTJ2jil03J3Mv2ZdFzyDYR5wgprFl
150,ES 150,บึงกุ่ม,นวมินทร์,ก่อนถึงซอยนวมินทร์ 73,ลอนโค้ง,13.794213,100.651617,https://drive.google.com/drive/folders/1R1tCMQ3qDHi27wrnyg_t7fxWVZPqzRq0
151,ES 151,บึงกุ่ม,นวมินทร์,เลยซอยนวมินทร์ 85,ลอนโค้ง,13.797263,100.650242,https://drive.google.com/drive/folders/1_jJ1svsbovgPrP9-GUFl4Sm4EJlHRSt1
152,ES 152,บึงกุ่ม,นวมินทร์,ก่อนถึงซอยนวมินทร์ 89 (จุดหยุดแทน),ลอนโค้ง,13.799205,100.64939,https://drive.google.com/drive/folders/1-ozKw-fCKt0wYxSqPiOL18gRxNr25MZh
153,ES 153,บึงกุ่ม,นวมินทร์,ก่อนถึงซอยนวมินทร์ 97,ลอนโค้ง,13.802461,100.647878,https://drive.google.com/drive/folders/1Zw8uVGPia50lhHvywB11N8LA3BfI3inq
154,ES 154,บึงกุ่ม,นวมินทร์,ตรงข้ามซอยนวมินทร์ 68,ลอนโค้ง,13.808916,100.649573,https://drive.google.com/drive/folders/19jYBd-_HT-eyP4cicGg3o4zj42ABZ9pD
155,ES 155,บึงกุ่ม,นวมินทร์,เลยซอยนวมินทร์ 115,ลอนโค้ง,13.812854,100.651298,https://drive.google.com/drive/folders/1TXEzI_jTSj8t34H1qAZaTWMUt4DRazBg
156,ES 156,บึงกุ่ม,นวมินทร์,ซอยนวมินทร์ 123,ลอนโค้ง,13.815051,100.652212,https://drive.google.com/drive/folders/1-a7ysnJiidP5PjR0h_XT8M7-vQH5APGX
157,ES 157,บึงกุ่ม,นวมินทร์,เลยซอยนวมินทร์ 129,ลอนโค้ง,13.79579,100.692054,https://drive.google.com/drive/folders/1_juwACyvuWnJ7mwPq7Go8HK7s4nzEI5D
158,ES 158,บึงกุ่ม,นวมินทร์,เลยซอยนวมินทร์ 133,ลอนโค้ง,13.8202,100.654346,https://drive.google.com/drive/folders/1vJ6j9Mo-F0r8MDE7LaHOKV6e6BsQNIfh
159,ES 159,บึงกุ่ม,นวมินทร์,เลยซอยนวมินทร์ 137,ลอนโค้ง,13.822113,100.655204,https://drive.google.com/drive/folders/1jCrJ_IGx3kdmxa4SwJPEeQjBg6Ld3Fyf
160,ES 160,บึงกุ่ม,นวมินทร์,ตรงข้ามซอยนวมินทร์ 86,ลอนโค้ง,13.823992,100.656034,https://drive.google.com/drive/folders/1esyJPGzpmU-vgwM908Ci2y2lnw-LYddU
161,ES 161,บึงกุ่ม,นวมินทร์,เลยซอยนวมินทร์ 145,ลอนโค้ง,13.826348,100.656915,https://drive.google.com/drive/folders/1WGCPa5E3-t6DQnDfNncnjGx1ryeZeBmG
162,ES 162,บึงกุ่ม,นวมินทร์,เลยซอยนวมินทร์ 149,ลอนโค้ง,13.828146,100.657777,https://drive.google.com/drive/folders/1XRChmp4jyEf67E1YkV9roQ2ekq9dMZfz
163,ES 163,บึงกุ่ม,นวมินทร์,ซอยนวมินทร์ 157,ลอนโค้ง,13.830335,100.658772,https://drive.google.com/drive/folders/1zQytrTcju0Jc36NtdNsUwoRoj38HEFe8
164,ES 164,บึงกุ่ม,นวมินทร์,เลยซอยนวมินทร์ 90,ลอนโค้ง,13.827404,100.658152,https://drive.google.com/drive/folders/14uLq-9PJXF77QebW335HGzGTJUDuASDg
165,ES 165,บึงกุ่ม,นวมินทร์,เลยซอยนวมินทร์ 88,ลอนโค้ง,13.82611,100.657267,https://drive.google.com/drive/folders/1yFDWbptwmgJs1TCjrSh2dI3jWqs5XA9e
166,ES 166,บึงกุ่ม,นวมินทร์,เลยซอยนวมินทร์ 74,ลอนโค้ง,13.82611,100.653471,https://drive.google.com/drive/folders/1-rHa3TguSScBx0o-gt46DA_Ep-31madu
167,ES 167,บึงกุ่ม,นวมินทร์,ก่อนถึงซอยนวมินทร์ 72,ลอนโค้ง,13.817297,100.652231,https://drive.google.com/drive/folders/1noGTtkUmH4rGYA9cIh1LpV1FKXzUHmQZ
168,ES 168,บึงกุ่ม,นวมินทร์,ก่อนถึงซอยนวมินทร์ 70,ลอนโค้ง,13.812154,100.651238,https://drive.google.com/drive/folders/1jDxrPd065tIGkGxDXAGilW0fQqXmdOb5
169,ES 169,บึงกุ่ม,นวมินทร์,เลยซอยนวมินทร์ 64/2,ลอนโค้ง,13.805258,100.648028,https://drive.google.com/drive/folders/16zIftELGYPrfv-VBZ4gJTwYvv1LVQqIZ
170,ES 170,บึงกุ่ม,นวมินทร์,เลยซอยนวมินทร์ 64,ลอนโค้ง,13.802996,100.647901,https://drive.google.com/drive/folders/15HNoBghXcpHJuUKaugqptm7Sz_bEH-hA
171,ES 171,บึงกุ่ม,นวมินทร์,เลยซอยนวมินทร์ 58,ลอนโค้ง,13.800132,100.649166,https://drive.google.com/drive/folders/1l7b4NR7nsDtkmV1-xw6JNZzd9C46-iCc
172,ES 172,บึงกุ่ม,นวมินทร์,เลยซอยนวมินทร์ 42,ลอนโค้ง,13.79488,100.651576,https://drive.google.com/drive/folders/1yig38-8pgooMldZ24as-YmkxuGBPFmhx
173,ES 173,บึงกุ่ม,นวมินทร์,ก่อนถึงซอยนวมินทร์ 26 แยก 1,ลอนโค้ง,13.789682,100.651747,https://drive.google.com/drive/folders/1L1PRt1NxEb55hqH_Q-iRDEQeTJI9MaN_
174,ES 174,บึงกุ่ม,นวมินทร์,ก่อนถึงซอยนวมินทร์ 24,ลอนโค้ง,13.787773,100.65018,https://drive.google.com/drive/folders/1AEXG5EUA1w3k8SYTnieh3GweJXwvswW7
175,ES 175,บึงกุ่ม,นวมินทร์,เลยซอยนวมินทร์ 22,ลอนโค้ง,13.785611,100.648835,https://drive.google.com/drive/folders/1mKRL49s24BxdXkp3VS_Sntsm0BnsfHCI
176,ES 176,บึงกุ่ม,คลองลำเจียก,ซอยลำเจียก 12,ลอนโค้ง,13.790984,100.647791,https://drive.google.com/drive/folders/11htYILkiz4NPiWwuPg0x7QL2j4U7dT98
177,ES 177,บึงกุ่ม,คลองลำเจียก,ซอยลำเจียก 8,ลอนโค้ง,13.791861,100.647487,https://drive.google.com/drive/folders/1WbXmh-ZmjBxhze_z0P1x_DexHug8bKqL
178,ES 178,ประเวศ,อ่อนนุช,ก่อนถึงซอยอ่อนนุช 88/3,Type B,13.721619,100.70459,https://drive.google.com/drive/folders/1kdHAFdycYZ9i5BUl1aYyn-qaRAlughKX
179,ES 179,ประเวศ,อ่อนนุช,เลยซอยอ่อนนุช 90,Type B,13.721751,100.706513,https://drive.google.com/drive/folders/1YHpQm5xkdK9nQlmcMssUL_1WyP_o9XoV
180,ES 180,ประเวศ,อ่อนนุช,ตรงข้ามโรงพยาบาลสิรินธร,Type B,13.721999,100.707268,https://drive.google.com/drive/folders/13ZqqjZg-FvIXL-qVMmir8S2dvsUxdAei
181,ES 181,มีนบุรี,เสรีไทย,หน้าเดอลูบอย (ปอเด็กกิ้ง),Type B2,13.801506,100.705788,https://drive.google.com/drive/folders/15jK7mdAYbUyGvK_m2BQqIMxdhIYDazfm
182,ES 182,ประเวศ,เฉลิมพระเกียรติ ร.๙,เลย HondoType A Wing Center บจก.ศิริวัฒนาเจริญยนต์,Type B2,13.681,100.66469,https://drive.google.com/drive/folders/1t-Tq32n8Xd4q6wfs2mF90fDA50fk65HJ
183,ES 183,ประเวศ,เฉลิมพระเกียรติ ร.๙,เลยกลุ่มงานวิเคราะห์และวิจัย ๙,Type B2,13.68313,100.66584,https://drive.google.com/drive/folders/1Kkowqf7C-myVknZE0k9O04rD-C5ytNQF
184,ES 184,ประเวศ,เฉลิมพระเกียรติ ร.๙,ก่อนถึง สวนหลวง ร.๙ ประตู 1,Type B2,13.6866,100.66786,https://drive.google.com/drive/folders/160M4meAwBWcIxo1HbFMd-KvD5LCB1bHG
185,ES 185,ประเวศ,เฉลิมพระเกียรติ ร.๙,เลยซอยเฉลิมพระเกียรติ ร.๙ ซอย 43,Type B2,13.69183,100.67083,https://drive.google.com/drive/folders/1Lu2VLnj__mNqYsjSpdZ6oShVGNfaDnpx
186,ES 186,ประเวศ,เฉลิมพระเกียรติ ร.๙,ก่อนถึงซอยเฉลิมพระเกียรติ ร.๙ ซอย 51,Type B2,13.69786,100.67432,https://drive.google.com/drive/folders/1gYuoCQEneDzQYnGRCya0RRhvM45asrkR
187,ES 187,ประเวศ,เฉลิมพระเกียรติ ร.๙,หน้ามัยนิติยตะห์ศูนย์อิสลาม,Type B2,13.70037,100.68562,https://drive.google.com/drive/folders/1CPGQRrqL52BcYGnc0N7TbBnCBfLtCaWu
188,ES 188,ประเวศ,เฉลิมพระเกียรติ ร.๙,ตรงข้ามเยื้องหน้าบริษัท บิลด์ เทค เอ็นจิเนียริง,Type B2,13.71952,100.69783,https://drive.google.com/drive/folders/1ZrRYyuK8EDpKVY6Xys6wJnhzasdDMGQj
189,ES 189,ประเวศ,เฉลิมพระเกียรติ ร.๙,ก่อนถึงซอยเฉลิมพระเกียรติ ร.๙ ซอย 51,Type B2,13.70834,100.69221,https://drive.google.com/drive/folders/1N_bZY6PRd8FbmmQ8TAcssQyH8uN2YViw
190,ES 190,ประเวศ,เฉลิมพระเกียรติ ร.๙,ตรงข้ามเยื้องศูนย์ก่อสร้างและซุปรฒนธน 3,Type B2,13.68212,100.65542,https://drive.google.com/drive/folders/1E0pSnUGG_eRjA33AfJAqM3jXlMGQ2QbF
191,ES 191,ประเวศ,รามคำแหง 2,ก่อนรามคำแหง 2 ซอย 3 (ปอเด็กกิ้ง),Type B2,13.666763,100.683017,https://drive.google.com/drive/folders/1f750rchK3IE8P6Io82uSd67Y3DziommP
192,ES 192,ประเวศ,รามคำแหง 2,หน้ารามคำแหง 2 ตรงข้ามรามคำแหง 2 ซอย 5 (ปอเด็กกิ้ง),Type B2,13.667179,100.683229,https://drive.google.com/drive/folders/12KiNLIRJBLI8FiYY8J6egKJN9G69HD-9
193,ES 193,ประเวศ,รามคำแหง 2,หน้ารามคำแหง 2 ตรงข้ามรามคำแหง 2 ซอย 13 (ปอเด็กกิ้ง),Type B2,13.668929,100.683831,https://drive.google.com/drive/folders/12VeKS_C3b2p-d3N63bzqvqFnBsJR1kII
194,ES 194,ประเวศ,รามคำแหง 2,ก่อนรามคำแหง 2 ซอย 13 (ปอเด็กกิ้ง),Type B2,13.668929,100.683831,https://drive.google.com/drive/folders/1zYOfZOmSrZbaJOUOKdjBvmrsvM3SwUjE
195,ES 195,ประเวศ,รามคำแหง 2,เลยรามคำแหง 2 ซอย 19,Type B2,13.670444,100.684263,https://drive.google.com/drive/folders/1I9wiQpYu2TyvMPkiTajmLk6UQ1pI3GuR
196,ES 196,มีนบุรี,เสรีไทย,เลยซอยเสรีไทย 87,Type B2,13.801506,100.705378,https://drive.google.com/drive/folders/11zhDdkJBmN_UN1SIYvvwFHLrfM5fTNnT
197,ES 197,ประเวศ,ศรีนครินทร์,เลยซอยศรีนครินทร์ 50 หน้าปั๊ม ปตท.,ลอนโค้ง,13.680034,100.64608,https://drive.google.com/drive/folders/1MB06Y3IwsTH4j-vLSWk25DDwtYDyM2L3
198,ES 198,มีนบุรี,สุขาภิบาล 3,บริวณก่อนถึงวัดสำโรงคำแหง 185,Type B2,13.796802,100.70966,https://drive.google.com/drive/folders/15U9ncCKGmUQXzqZ4M_BJbxNWHZotkiSJ
199,ES 199,มีนบุรี,สุขาภิบาล 3,ก่อนซอยรามคำแหง 190/1,Type B2,13.806532,100.727111,https://drive.google.com/drive/folders/1OzDgrFiMwVGkLfsK85Tu4UbAvIqf54eU
200,ES 200,มีนบุรี,สุขาภิบาล 3,ตรงข้ามสรรพาหารเขตพื้นที่ 11 (ใกล้ซอยรามคำแหง 187/1),Type B2,13.79898,100.71384,https://drive.google.com/drive/folders/13EN0ENQ25Z2XFX8ubg8d4JTvV6K1Bfon
201,ES 201,คันนายาว,เสรีไทย,ซอยเสรีไทย 71 (จุดหยุดแทน),Type B2,13.793706,100.68724,https://drive.google.com/drive/folders/1UnM-VuFXP-WZydrkOdcWArJReVu1FDJE
202,ES 202,มีนบุรี,สีหบุรานุกิจ,หน้าสำนักงานเขตมีนบุรี,Type B2,13.81327,100.73114,https://drive.google.com/drive/folders/1g429Ep6nY0kGL4YWxOFt2XETWc33x2Fk
203,ES 203,มีนบุรี,สีหบุรานุกิจ,หน้าสำนักงานที่ดินเขตมีนบุรี,Type B2,13.814258,100.732944,https://drive.google.com/drive/folders/1pChwZ0GvaWKpUe8RAPwJpd3-rBxquAUF
204,ES 204,มีนบุรี,สีหบุรานุกิจ,หน้าสถานีตำรวจนครบาลมีนบุรี,Type B2,13.814967,100.734358,https://drive.google.com/drive/folders/1oqazcaQpoEk9DDr1oUS5rLazLGk3_MZd
205,ES 205,มีนบุรี,สีหบุรานุกิจ,บริเวณแฝดศักรีราชการกรุงเทพมหานคร,Type B2,13.814864,100.734362,https://drive.google.com/drive/folders/1D1y13GjKwUa08wBzx5GH8jy_aH7lQyAe
206,ES 206,มีนบุรี,สีหบุรานุกิจ,บริเวณหน้าปั๊มนั้มจาก,ลอนโค้ง,13.812524,100.720055,https://drive.google.com/drive/folders/12oBo3ZYPzFT_rhv7d_JGpy3-eZdYVwso
207,ES 207,มีนบุรี,หทัยราษฎร์,หน้าตลาดปากซอยหทัยราษฎร์,Type B,13.813756,100.72155,https://drive.google.com/drive/folders/1dyuiTnzvapieMTDMBo7UUdl7hNJIOFcR
208,ES 208,มีนบุรี,หทัยราษฎร์,เลยซอยหทัยราษฎร์ 1,Type B,13.8191,100.72094,https://drive.google.com/drive/folders/1yhOtW1kH7DLjRLqwdayIcYIGN8EoTvij
209,ES 209,มีนบุรี,หทัยราษฎร์,เลยทางเข้าหมู่บ้านรุ่งกิจแกรนวิสต้า,Type B,13.82083,100.7207,https://drive.google.com/drive/folders/1DhB_uZqD2HQOpi0svb4s9KGm0JFpoQVp
210,ES 210,มีนบุรี,หทัยราษฎร์,เลยซอยหทัยราษฎร์ 15,Type B,13.82418,100.72045,https://drive.google.com/drive/folders/1ishhnwogdBsdxzZ5N26_ucFx-lZmjS8E
211,ES 211,มีนบุรี,หทัยราษฎร์,ก่อนซอยหทัยราษฎร์ 15,Type B,13.82418,100.72045,https://drive.google.com/drive/folders/1NWJh4MqsL_hEd0XlQ66N9XjKw7x_pmlo
212,ES 212,มีนบุรี,หทัยราษฎร์,เลยโรงเรียนสุเหร่าวิทยา,Type B,13.82939,100.72012,https://drive.google.com/drive/folders/1yiI5oKGBfkJLK4W626tuxuvMTgJalzbQ
213,ES 213,มีนบุรี,หทัยราษฎร์,หน้าตลาดกก รีสอร์ท,Type B,13.83592,100.72021,https://drive.google.com/drive/folders/1YMEuc-51VdNq_mJ7L9alhI5ZxqOHVk5p
214,ES 214,มีนบุรี,หทัยราษฎร์,เลยบริษัท มิตสุมิติ เมโทร จำกัด,Type B,13.83171,100.72026,https://drive.google.com/drive/folders/1krKsukExqzHePYwbV7oJIoIOHhk__jcW
215,ES 215,มีนบุรี,หทัยราษฎร์,ก่อนซอยหทัยราษฎร์ 2/1,Type B,13.8286,100.72029,https://drive.google.com/drive/folders/1SwT6kduWvOfBXrcQcyvhxjmMrl9W5zE6
216,ES 216,มีนบุรี,หทัยราษฎร์,ตรงข้ามซอยหทัยราษฎร์ 15,Type B2,13.824529,100.720451,https://drive.google.com/drive/folders/1uZ-5_tTDP5AutpuIJ8R3NJxriqJAi5Nh
217,ES 217,มีนบุรี,หทัยราษฎร์,ตรงข้ามซอยหทัยราษฎร์ 7,Type B,13.82257,100.72069,https://drive.google.com/drive/folders/1EtvlugFv-8WXbl4kDgwG28q1f7Y7Gu7H
218,ES 218,มีนบุรี,หทัยราษฎร์,ตรงข้ามทางเข้าหมู่บ้านรุ่งกิจแกรนวิสต้า,Type B,13.82019,100.72089,https://drive.google.com/drive/folders/1Jv6HoIrvBjitNeqX0AOjNA5axBMzX8bt
219,ES 219,มีนบุรี,หทัยราษฎร์,หน้าโรงเรียนบริบาล,Type B,13.81833,100.72139,https://drive.google.com/drive/folders/1Ur9NGShtR7-6yjgB0X7MJVIUDXJoxDSM
220,ES 220,มีนบุรี,รามคำแหง,ไกล้แยกสุวินทวงศ์ (ทางไปปรามคำแหง 194),Type B2,13.815443,100.742598,https://drive.google.com/drive/folders/1fma96Djuk9XDuXAolwdS3y1GiAdNZw92
221,ES 221,มีนบุรี,รามคำแหง,ไกล้แยกสุวินทวงศ์ (ทางไปปรามคำแหง 194),Type B2,13.815443,100.742598,https://drive.google.com/drive/folders/1248gbUI4aFJOmHOMwMln1eFN_gOEoS14
222,ES 222,มีนบุรี,รามคำแหง,ตรงข้ามสำนักงานประกาสาขามีนบุรี,Type B,13.814679,100.741267,https://drive.google.com/drive/folders/1MTPNFdydyt87WxIOBvb8Yl75ZrNHNnDA
223,ES 223,มีนบุรี,รามคำแหง,หน้าไทวัสดุสาขามีนบุรี,Type B,13.811586,100.735598,https://drive.google.com/drive/folders/1O-ZfT20ot8UdXTsDzpJM3Zdbkarueny3
224,ES 224,มีนบุรี,รามคำแหง,ก่อนซอยรามคำแหง 190,Type B,13.804482,100.725314,https://drive.google.com/drive/folders/1o3pgOs1T5QkOkaUyUBsByqTlpsA0XS5O
225,ES 225,มีนบุรี,รามคำแหง,ปากซอยรามคำแหง 180/1,Type B2,13.802554,100.721793,https://drive.google.com/drive/folders/1y_sDX0kpRurAc2kzknuczIeGONlE_kir
226,ES 226,มีนบุรี,รามคำแหง,เลยซอยรามคำแหง 178/1,Type B2,13.798956,100.713859,https://drive.google.com/drive/folders/10hiSTD5seFjiBTg_GoZSd4WeVi0JAYLY
227,ES 227,มีนบุรี,รามคำแหง,ปากซอยรามคำแหง 172/2,Type B,13.800071,100.716973,https://drive.google.com/drive/folders/1p3Qq0KlJ3VEJHyQkqq7KMBfdI1vMRUy7
228,ES 228,มีนบุรี,รามคำแหง,เลยซอยรามคำแหง 170,Type B2,13.798638,100.713962,https://drive.google.com/drive/folders/11oUX7sKgqe7V-L0Qn84D5SG1rZriZIT_
229,ES 229,มีนบุรี,รามคำแหง,เลยซอยรามคำแหง 164,Type B2,13.79618,100.709029,https://drive.google.com/drive/folders/1U9w0fS7ziyksrls8NuIAkwQutL7IQVUL
230,ES 230,มีนบุรี,รามคำแหง,เลยซอยรามคำแหง 187/3,Type B,13.800543,100.716968,https://drive.google.com/drive/folders/19wuZUoks7rGVOPjdL8oEe2w0KquyZgwL
231,ES 231,มีนบุรี,รามคำแหง,เลยซอยรามคำแหง 191,Type B2,13.801599,100.71915,https://drive.google.com/drive/folders/10fggX6fmgNkJfxoBGUhM17KRYykC6VH0
232,ES 232,มีนบุรี,รามคำแหง,ก่อนซอยรามคำแหง 201,Type B2,13.803256,100.722615,https://drive.google.com/drive/folders/1OUWcua90UV94ai8g6_H1tHdfduJoun-S
233,ES 233,มีนบุรี,รามคำแหง,หน้าโลตัสสุขาภิบาล 3,Type B,13.804788,100.725226,https://drive.google.com/drive/folders/1HlbKgM9jt7QmH3g3S0Q8zAbxg673HRbm
234,ES 234,มีนบุรี,รามคำแหง,หน้าปิ๊กซีสุขาภิบาล 3,Type B,13.807547,100.727721,https://drive.google.com/drive/folders/1B7VkwaE7msT7WWfV_Gq52q9AbXDI1IHH
235,ES 235,มีนบุรี,รามคำแหง,บริเวณปากซอยรามคำแหง 211,Type B,13.8116,100.734962,https://drive.google.com/drive/folders/19ZfgvD_D0CJlmfGf-JMlxZFOqqSNfkXs
236,ES 236,มีนบุรี,นิมิตใหม่,บริเวณหน้าบริษัท อาหารยอดคุม จำกัด,Type B,13.82432,100.74041,https://drive.google.com/drive/folders/1Nfv1hYPl38ZhR_092451zeGr5uP6pEyA
237,ES 237,มีนบุรี,นิมิตใหม่,ก่อนถึงซอยนิมิตใหม่ 4,Type B,13.82423,100.74063,https://drive.google.com/drive/folders/1P5ZLpVV3m68h8RDnxzkF7X01coe6QNS9
238,ES 238,มีนบุรี,นิมิตใหม่,ซอยนิมิตใหม่ 6/1,Type B,13.82826,100.73913,https://drive.google.com/drive/folders/1QFUnP2dsL5HeCAsGEWpPU3Xz5rOOr5lQ
239,ES 239,มีนบุรี,เสรีไทย,ซอยเสรีไทย 95 (ปอเด็กกิ้ง),Type B,13.808004,100.714974,https://drive.google.com/drive/folders/1fhVTBf6z5Ve63gS6d-_6jxPnkOwj5CAM
240,ES 240,มีนบุรี,เสรีไทย,หน้าสหยูเนี่ยน (1),ลอนโค้ง,13.80385,100.7104,https://drive.google.com/drive/folders/1TJA0kgqivKXTa-PHXCdLNdTb4jCI2h8s
241,ES 241,มีนบุรี,เสรีไทย,หน้าสหยูเนี่ยน (2),ลอนโค้ง,13.80385,100.7104,https://drive.google.com/drive/folders/1D0k-ctOLbGMmCALTMSlI1FFUMcdklV0H
242,ES 242,มีนบุรี,เสรีไทย,หน้าสหยูเนี่ยน (3),ลอนโค้ง,13.80385,100.7104,https://drive.google.com/drive/folders/1BucQBJuw3TY57gV6WZhn81fNbgl6c2JY
243,ES 243,ลาดกระบัง,ลาดกระบัง,ปากทางเข้าวัดลาดกระบัง,Type B2,13.722732,100.747984,https://drive.google.com/drive/folders/1ILqCAdRR-QrP7LWYBFV2C6vobocuC7eG
244,ES 244,ลาดกระบัง,ลาดกระบัง,ปากซอยศิริสมบัติ 2 (ตำนักตำรวจ),Type B2,13.721797,100.763113,https://drive.google.com/drive/folders/1tpi9wG8EjsZOKOhJvhl5wRaxsghACFUF
245,ES 245,ลาดกระบัง,อ่อนนุช - ลาดกระบัง,แยกถนนกิ่งแก้ว – อ่อนนุช (วัดสังข์ขราช),Type B2,13.722767,100.763113,https://drive.google.com/drive/folders/1bxWTkxvatwOYEmMdyDZTstaLthZAXH__
246,ES 246,ลาดกระบัง,ลาดกระบัง,ก่อนถึงศิริสมบัติ 1 ถนนลาดกระบัง,Type B2,13.722767,100.763113,https://drive.google.com/drive/folders/1BoeagREhvvTITZcUxl63BD43WCWheBml
247,ES 247,ลาดกระบัง,ลาดกระบัง,หน้าวัดลาดบนญู (วัด 1),Type B,13.722196,100.719411,https://drive.google.com/drive/folders/1_q5mTLVeyD_GQK0Tcpa9hAvBKQaQUNVs
248,ES 248,ลาดกระบัง,ลาดกระบัง,ตรงข้ามวัดลาดบนญู (วัด 2),Type B,13.722018,100.719116,https://drive.google.com/drive/folders/1uZzoXiskUPgGwJAzhWjBFtttav5nVFzU
249,ES 249,ลาดกระบัง,ฉลองกรุง,เจิงสะพานแยกกำลักถนนสุวินทวงศ์เลี้ยวขวาบ้านข้างแยก,Type B,13.816064,100.837241,https://drive.google.com/drive/folders/1GCiWG6myzauzU9RIagoSh_TGtb2RX9Nk
250,ES 250,ลาดกระบัง,ฉลองกรุง,ปากซอยวัดลำลักษณี,Type B,13.787956,100.826232,https://drive.google.com/drive/folders/1Ja0Aff4x6yMLSz97nTzo85l7RLK-qcVi
251,ES 251,ลาดกระบัง,ฉลองกรุง,ตรงข้ามโรงงานนวัตกรมลูบไทย,Type B,13.786359,100.824944,https://drive.google.com/drive/folders/16GYx1hHjvIddWDkSDht1N216JH-2AQLi
252,ES 252,ลาดกระบัง,ฉลองกรุง,ปากซอยฉลองกรุง 8 (ทางเข้าวัดสุทธาโภคน์),Type B,13.740589,100.791245,https://drive.google.com/drive/folders/1WJl5Sf3gm34hXMzGz5blOXo3HFwMF3fL
253,ES 253,ลาดกระบัง,ฉลองกรุง,หน้าสถาบันเทคโนโลยีพระจอมเกล้าเจ้าคุณทหารลาดกระบัง,Type B2,13.729177,100.777951,https://drive.google.com/drive/folders/1kMHbGjBv0VuieKFJS8cnrOQ62ueuf1Jk
254,ES 254,ลาดกระบัง,ฉลองกรุง,ตรงข้ามเทคโนโลยีลาดกระบัง,Type B,13.72684,100.778121,https://drive.google.com/drive/folders/1o_s9pumq-nwmYlbY9Ru2zy2FBz_GQrD5
255,ES 255,ลาดกระบัง,ฉลองกรุง,หน้าตึกเรียนสมเด็จพระเทพ เทคโนลาดกระบัง,Type B2,13.730562,100.780915,https://drive.google.com/drive/folders/1Nj1rlp8iyJHiSKUUWMxkngqLE5uTQDsz
256,ES 256,ลาดกระบัง,ฉลองกรุง,หน้าปั๊มน้ำมัน PT,Type B2,13.746648,100.792946,https://drive.google.com/drive/folders/1tE4IKIySK3Y6hJ7CpHJQciRMy0DYiyHw
257,ES 257,ลาดกระบัง,ฉลองกรุง,ตรงข้ามหน้าตึกเรียนสมเด็จพระเทพ เทคโนลาดกระบัง,Type B2,13.730405,100.780988,https://drive.google.com/drive/folders/1FgxiI53VDv_IYdpqczy5Vyf5sLvbU3pA
258,ES 258,ลาดกระบัง,ขุมทอง-ลำต้อยติ่ง,ปากซอยขุมทอง-ลำต้อยติ่ง 2,ลอนโค้ง,13.702085,100.853472,https://drive.google.com/drive/folders/15n7rbRz1rbXys3rfJ3DL6pM-5SHe-d_k
259,ES 259,ลาดกระบัง,สุวรรณภูมิ 4,ปากทางเข้าสนามบินสุวรรณภูมิ,Type B2,13.720713,100.776625,https://drive.google.com/drive/folders/1xaES5hsa0zjsXx4o0QVcvDqa8i6BcGcW
260,ES 262,สะพานสูง,สุขาภิบาล 3,หน้า รร.โรมานุสรณ์ก่อนถึงซอย 106,Type B,13.775766,100.67101,https://drive.google.com/drive/folders/1FDdUD9sUj2qcDwAQMnQKhY2qtKRz4UsE
261,ES 263,สะพานสูง,สุขาภิบาล 3,ตรงข้าม รร.โรมานุสรณ์ ก่อนถึงซอย 106,Type A,13.77556,100.671266,https://drive.google.com/drive/folders/1ZH6vA6L26ahWkAZBtRZsvmnT-qCwdFAU
262,ES 266,สะพานสูง,นักกีฬาหมอยม,เลยซอยนักกีฬาหมอยม 8,ลอนโค้ง,13.740489,100.693797,https://drive.google.com/drive/folders/1MMcPXaReJokZpngWmHR0Q9Nc4nTsaCSv
263,ES 267,ประเวศ,ประชาสำราญ,ถัดจากหน้าโรงเรียนมัธยมวัดพระยาปลาอีก 500 เมตร,Type B2,13.918629,100.863925,https://drive.google.com/drive/folders/1BqanO8PiAIqroG55j5zdp0d2gKCQZUUu
264,ES 268,หนองจอก,เลียบวารี,หน้าโรงเรียนมัธยมหนองจอก,Type B2,13.855409,100.860368,https://drive.google.com/drive/folders/1_BC0wZnv_KxI5KG-0--WeKP12SZGcQfk
265,ES 269,หนองจอก,เลียบวารี,หน้าวัดหนองจอก,Type B2,13.855707,100.860214,https://drive.google.com/drive/folders/1e8EH6htlSRLlYUUK8PGf13T4PJc13uFr
266,ES 270,หนองจอก,เลียบวารี,ใกล้ปากซอยเลียบวารี 8,Type B2,13.855911,100.853647,https://drive.google.com/drive/folders/1eN6OvuvlvgWgv4VzwCn1V-1qMmUrlzL1
267,ES 271,หนองจอก,เลียบวารี,ซอยคลองสลิ-คลองสลิสี่-5,ลอนโค้ง,13.855784,100.858085,https://drive.google.com/drive/folders/1ZVhucg16A9oXdsx48ZRza6YoOqiQE92C
268,ES 272,หนองจอก,เลียบวารี,ใกล้ปากซอยเลียบวารี 14,Type B2,13.855326,100.844517,https://drive.google.com/drive/folders/1_Cp4Np9e0JPjxisYdkcqcEDz00BQg3Jd
269,ES 273,หนองจอก,เลียบวารี,หน้าร้านแขว่น – อิลฟเว่น ใกล้ปากซอยเลียบวารี 11,Type B2,13.855339,100.847025,https://drive.google.com/drive/folders/1Y3QQfJnVnJFcQxhAnLsFIQD5_BCdetv7
270,ES 274,หนองจอก,เลียบวารี,หมู่บ้านรมณ์ทรีย์ ใกล้ปากซอยเลียบวารี 15,Type B2,13.855179,100.844904,https://drive.google.com/drive/folders/19j6b3aiVM-Y2EjqdPY4z7aepEAVyz7oU
271,ES 275,หนองจอก,เลียบวารี,ตรงข้ามปากซอยเลียบวารี 15,Type B2,13.855381,100.847208,https://drive.google.com/drive/folders/1rpVi3556vVnVz0TZDJ2pmpPanH1G7xDf
272,ES 276,หนองจอก,เลียบวารี,ซอยคลองสลิ-คลองสลิสี่-9,ลอนโค้ง,13.854941,100.842798,https://drive.google.com/drive/folders/1nATvnw7JH7OJaHiecewdbFgr0fgTOSZL
273,ES 277,หนองจอก,เลียบวารี,ใกล้ปากซอยเลียบวารี 25,Type B2,13.85465,100.83941,https://drive.google.com/drive/folders/16H3iIjpKYKvNCW6aHUnoY7mCs2Y3_RbL
274,ES 278,หนองจอก,เลียบวารี,ร้านอาหารนั่งเล่นเหอทหนองจอก ตรงข้ามปากซอยเลียบวารี 25,Type B2,13.85485,100.83938,https://drive.google.com/drive/folders/1KNscacLIx_9fNmcs0qxz93fCYXXhIMdQ
275,ES 279,หนองจอก,เลียบวารี,ใกล้ปากซอยเลียบวารี 29,Type B2,13.85448,100.83775,https://drive.google.com/drive/folders/1yviypytx7HF1dHXThLXEP3cTk6kfslBM
276,ES 280,หนองจอก,เลียบวารี,ใกล้ปากซอยเลียบวารี 30,Type B2,13.85448,100.83775,https://drive.google.com/drive/folders/1q0TOijGQAWNHnCpnblFPp3MBOOSdYVwv
277,ES 281,หนองจอก,เลียบวารี,ใกล้ปากซอยเลียบวารี 37,Type B2,13.85419,100.83434,https://drive.google.com/drive/folders/117JzyWVfwiCidl75WLS8ZDJSIXFJCedw
278,ES 282,หนองจอก,เลียบวารี,ตรงข้ามซอยเลียบวารี 45,Type B2,13.853921,100.829142,https://drive.google.com/drive/folders/16eRwqvNLgr7IejwfPBj6X4h0b_GJgez_
279,ES 283,หนองจอก,เลียบวารี,ปากซอยเลียบวารี 45,Type B2,13.853673,100.829163,https://drive.google.com/drive/folders/1vX7_5wvIQRBWa3UxHqA4-PiKAwt_NgaZ
280,ES 284,หนองจอก,เลียบวารี,ตรงข้ามซอยเลียบวารี 49,Type B2,13.853356,100.824155,https://drive.google.com/drive/folders/1lxysGDIwbDU-0vmROdv87_7E59Am37CS
281,ES 285,หนองจอก,เลียบวารี,ปากซอยเลียบวารี 49,Type B2,13.853803,100.82659,https://drive.google.com/drive/folders/1EqrrWcZMBU6w2_1c4u1QcknL08f1TPdn
282,ES 286,หนองจอก,เชื่อมสัมพันธ์,หน้าปั๊มแก๊ส LPG,Type B,13.814411,100.841482,https://drive.google.com/drive/folders/19RElwCQnr1gOKDiM2UT44frG5hN6RKHF
283,ES 287,หนองจอก,เชื่อมสัมพันธ์,เลยซอยเชื่อมสัมพันธ์ 20,Type B,13.821256,100.845088,https://drive.google.com/drive/folders/16uTep3P8JWNsDZ1Z6Szyf0oZtl9Ngxwi
284,ES 288,หนองจอก,เชื่อมสัมพันธ์,ก่อนถึงซอยเชื่อมสัมพันธ์ 14,Type B2,13.823193,100.846061,https://drive.google.com/drive/folders/1iIwmj_htw_3mTWTLKJ3jHnRIZZATvAIr
285,ES 289,หนองจอก,เชื่อมสัมพันธ์,หน้าโรงเรียนบริษัทกรุงเทพมหานคร (หนองจอก),Type B2,13.827364,100.848224,https://drive.google.com/drive/folders/1LeHrdmD7G4Fm17PhGOpuKU-lPzTRCklV
286,ES 290,หนองจอก,เชื่อมสัมพันธ์,หน้าสนามพุทธอาวาสรี (หนองจอก),Type B2,13.841982,100.851037,https://drive.google.com/drive/folders/12UWkJJlor6Eq4mJ-9pSxDLEZQStXMGAk
287,ES 291,หนองจอก,เชื่อมสัมพันธ์,ตรงข้ามโรงเรียนรอมขับรถอนุเอสซีพี,Type B2,13.832858,100.852888,https://drive.google.com/drive/folders/12zBN_-0gJ6-PD_KqSvMz50yJustXh_9p
288,ES 292,หนองจอก,เชื่อมสัมพันธ์,หน้ามหาวิทยาลัยเทคโนโลยีมหานคร (หนองจอก) 1,Type B2,13.842104,100.855774,https://drive.google.com/drive/folders/1HsSIGtngQH2glzGYaIsbnXha44dgL8tm
289,ES 293,หนองจอก,เชื่อมสัมพันธ์,หน้ามหาวิทยาลัยเทคโนโลยีมหานคร (หนองจอก) 2,Type B2,13.841982,100.855651,https://drive.google.com/drive/folders/1oQT0urNW_-WoNuw3vWRovXugeqJ52_RV
290,ES 294,หนองจอก,เชื่อมสัมพันธ์,หน้ามูลนิธิอาสาหนองจอก (ศูนย์ราชพฤกษ์),Type B2,13.852352,100.8611,https://drive.google.com/drive/folders/1FIF2-bV41JaHWbSLD1Cwtg38AvCM0CgC
291,ES 295,หนองจอก,เชื่อมสัมพันธ์,ตรงข้ามมูลนิธิอาสาหนองจอก (ศูนย์ราชพฤกษ์),Type B2,13.851947,100.861169,https://drive.google.com/drive/folders/1qu-3QquW850m3jQ_yx2aSYgeigfgH3Sn
292,ES 296,หนองจอก,เชื่อมสัมพันธ์,เลยซอยเชื่อมสัมพันธ์ 15 (1),Type B,13.843108,100.85655,https://drive.google.com/drive/folders/1znDKDXO91_kIsd5GvY65MOkPQfA7YXLx
293,ES 297,หนองจอก,เชื่อมสัมพันธ์,เลยซอยเชื่อมสัมพันธ์ 15 (2),Type B,13.843108,100.856529,https://drive.google.com/drive/folders/1uzSUIP77_QQvn_QqgpUVFkiOMWon2AJ0
294,ES 298,หนองจอก,เชื่อมสัมพันธ์,บริษัท ดินสอลงสาย ตรงข้ามซอยเชื่อมสัมพันธ์ 4,Type B,13.838701,100.854217,https://drive.google.com/drive/folders/1CbfwOwzsRL4F5-eQT3mwqn7Ha_d3oKzC
295,ES 299,หนองจอก,เชื่อมสัมพันธ์,หน้าโรงเรียนรับบริการรันอกเอสซีพี,Type B,13.834639,100.852297,https://drive.google.com/drive/folders/1agXpUfpazlbc3yYtHBpGAGXz8nmoY-DX
296,ES 300,หนองจอก,เชื่อมสัมพันธ์,ตรงข้ามสนามพุทธอาวาสรี (หนองจอก),Type B,13.830127,100.849624,https://drive.google.com/drive/folders/1l-fuSc99GXs7qTZX10ZHTpDjw6zvA6Iu
297,ES 301,หนองจอก,เชื่อมสัมพันธ์,หน้าบริษัท บางกอกอินิกวิจ จำกัด,Type B,13.829771,100.84971,https://drive.google.com/drive/folders/17Jm4tf55_ZmPr46a9jQcJ-bLWX1yrMHZ
298,ES 302,หนองจอก,เชื่อมสัมพันธ์,เลยซอยเชื่อมสัมพันธ์ 25,Type B,13.820948,100.845158,https://drive.google.com/drive/folders/1c8JjGSIvB2O58PoClZK7mdF_Ouweu0wj
299,ES 303,หนองจอก,เชื่อมสัมพันธ์,ก่อนถึงซอยเชื่อมสัมพันธ์ 29,Type B,13.820938,100.84519,https://drive.google.com/drive/folders/1C1J_FVf_mY7bNyERiRwwxMN5tqiTNj5p
300,ES 304,หนองจอก,เชื่อมสัมพันธ์,หน้าโรงฟักไก่หนองจอก 3,Type B,13.814351,100.841748,https://drive.google.com/drive/folders/1bX9VgxZFn0ySC4mAKi6nGY9otckOC5Zg
301,ES 305,ประเวศ,อ่อนนุช,ข้างซอยอ่อนนุช 74/3 ( ติดตั้งใกล้ศาลาตา Type BS 245 ),Type B2,13.71781,100.663875,https://drive.google.com/drive/folders/1Ef43jEsu2FK7JgPT9sPtP8ZB4Hg8ZVUe
302,ES 306,บางกะปิ,รามคำแหง,ข้างประตูใหญ่ มหาวิทยาลัยรามคำแหง ( ติด WF 119 ) สะพานลอยยคนข้าม,Type A,13.759382,100.61861,https://drive.google.com/drive/folders/1fpakM2RR8thFXEVT7ZopPuW1fH1p-eEp
303,ES 307,ประเวศ,อ่อนนุช,ตรงข้ามคอนโดมิเนียมวิลล์,Type B,13.72176,100.703147,https://drive.google.com/drive/folders/15xbFi-TzP963NhmEqY6jsd4wBOUIanlz
304,ES 308,บางกะปิ,รามคำแหง,ตรงข้าม Major Hollywood (1/3) ระหว่างซอย รามคำแหง 24-24/1,Type B2,13.75649,100.61479,https://drive.google.com/drive/folders/1BK8ykjHo5perLYVGpljoTPTu9A150jWX
305,ES 309,บางกะปิ,รามคำแหง,ตรงข้าม Major Hollywood (2/3) ระหว่างซอย รามคำแหง 24-24/1,Type B2,13.756429,100.61474,https://drive.google.com/drive/folders/102hm8dvpKJssujvBhLy8BCMJxfR3ubYx
306,ES 310,บางกะปิ,รามคำแหง,ตรงข้าม Major Hollywood (3/3) ระหว่างซอย รามคำแหง 24-24/1,Type A,13.756381,100.61468,https://drive.google.com/drive/folders/1PA2z0rzRnJyol7wt6rqP4uz698hL54yS
307,ES 311,บางกะปิ,รามคำแหง,ตรงข้ามหนึ่งมหาวิทยาลัยรามคำแหง (เยื้องซอย รามคำแหง 55)ระหว่างซอย.รามคำแหง 24-24/1,Type A,13.759845,100.62134,https://drive.google.com/drive/folders/1hBNKRwoHXPwtwWDoExWzntaGaEwugEx0
308,ES 312,ประเวศ,ศรีนครินทร์,ใกล้ท้าย HaHa 55 Mall ข้างทางเข้าตลาดรถไฟ (ติด Type BS233 ),Type A,13.690942,100.64724,https://drive.google.com/drive/folders/14ZSbZhtIYGcaWOTBL6IisigiKOXnzxlm
309,ES 313,บางกะปิ,รามคำแหง,หน้า โลตัสสภาพแห่งสั้งหมู่ ก่อนถึง รามคำแหง 26,Type A,13.76095,100.63077,https://drive.google.com/drive/folders/1xxkG4iVKA_tq9lmicqToQjCg3W9uhpAA
310,ES 314,บางกะปิ,ประดิษฐ์มนูธรรม,ข้าง Type BS 224 หน้าร้านอาหาร Turn it up,Type A,13.814854,100.62273,https://drive.google.com/drive/folders/1Fb4QdiUZ9QYnCwIybyvI33swepNe8Env
311,ES 315,บางกะปิ,ประดิษฐ์มนูธรรม,ข้าง Type BS 227 หน้า THE CRYSTAL ก่อนถึงCDC เยื้องศูนย์HONDA เอกอินทรา,Type A,13.812929,100.62153,https://drive.google.com/drive/folders/1G3pOMyo2VuGk4kpp90CqCV9a8TlJg23d
312,ES 316,เสรีไทย (สุขาภิบาล 2),เสรีไทย,ตรงข้ามมหาวิทยาลัยสัยนิดา (1/2),Type A,13.771666,100.65361,https://drive.google.com/drive/folders/1Io85z7Tafu_ClrXM7M5w8eys_ankun_m
313,ES 317,เสรีไทย (สุขาภิบาล 2),เสรีไทย,ตรงข้ามมหาวิทยาลัยสัยนิดา (2/2),Type A,13.771726,100.65365,https://drive.google.com/drive/folders/1cXznQ53Kqrp7fy1iM9EwKW6Q4t6SZvQ2
314,ES 318,บางกะปิ,เสรีไทย (สุขาภิบาล 2),หน้าโรงเรียนบางกะปิ,Type A,13.769905,100.65235,https://drive.google.com/drive/folders/1spA_-CNgpyhSHB2ZgQpSQ4CB285xzFio
315,ES 319,เสรีไทย (สุขาภิบาล 2),เสรีไทย,หน้ามหาวิทยาลัยสัยนิดา (1/2),Type A,13.77203,100.65415,https://drive.google.com/drive/folders/1Lq7bAMmRqHDYLtPTLmmtJvdNKUcWUzxc
316,ES 320,เสรีไทย (สุขาภิบาล 2),เสรีไทย,หน้ามหาวิทยาลัยสัยนิดา (2/2),Type A,13.771973,100.65411,https://drive.google.com/drive/folders/1aPqqJneS-r1lXepjuVOmYRDb4PSYDSF2
317,ES 321,บางกะปิ,ศรีบูรพา,ข้างร้านอาหารตีดกมะดัน,Type A,13.777752,100.65201,https://drive.google.com/drive/folders/1a0E002OVEs9e-l_tyG3fxa4vtLUlNWXN
318,ES 322,บางกะปิ,ศรีบูรพา,ด้านหน้าแฝด 3 (คลองจั่น),Type A,13.774231,100.65339,https://drive.google.com/drive/folders/1jfoqRzMl6HsuVd1hnVl1snVrwyMHcmnJ
319,ES 323,บางกะปิ,ศรีบูรพา,ด้านหน้าแฝด 5 (คลองจั่น) (1),Type A,13.775389,100.6531,https://drive.google.com/drive/folders/1JgEAI3ZGqA4zkT1FctFxS4fGubUSmtED
320,ES 324,บางกะปิ,ลาดพร้าว,เลยซอย ลาดพร้าว 130/1 (ตรงข้ามซอย ลาดพร้าว 101/3 ทางมาจาก The Mall บางกะปิ),Type A,13.773175,100.63224,https://drive.google.com/drive/folders/1aTtOm6RiGrdXa_H2uWgwqwH9zwrcwoxf
321,ES 325,บางกะปิ,ลาดพร้าว,หน้าห้าง Makro สาขาลาดพร้าว,Type A,13.768675,100.64015,https://drive.google.com/drive/folders/1BChe6XxotzwMSwWsICfVnNK9oK3_Akpu
322,ES 326,เสรีไทย (สุขาภิบาล 2),เสรีไทย,เนื้องบมาครกรสงไทย ก่อนถึงแยกบางกะปิ,Type A,13.766427,100.649,https://drive.google.com/drive/folders/1AHbs2l_PzzetwVTBlDFux9jTsFT6aJ0E
323,ES 327,บางกะปิ,รามคำแหง (สุขาภิบาล 3),ก่อนถึงซอย รามคำแหง 121 (ใกล้ Carrefouré),Type A,13.76918,100.65999,https://drive.google.com/drive/folders/19wQ3kQ5TmWAFojasz0ySGpgGuPEy3zOD
324,ES 328,บางกะปิ,พระราม 9,ตรงข้ามพระราม 9 พลาซ่า,Type B2,13.748,100.603821,https://drive.google.com/drive/folders/1uXA5AvnYjwBDU054yDbymihz-QMr9hdv
325,ES 329,บางกะปิ,พระราม 9,หน้าพระราม 9 พลาซ่า,Type B2,13.747751,100.604097,https://drive.google.com/drive/folders/1Ou7eUoycF_JLY7oWz2ubRDg-HOWu0UzS
326,ES 330,บางกะปิ,ประดิษฐ์มนูธรรม,หน้าร้านอาหาร Turn it up,Type B2,13.814803,100.622675,https://drive.google.com/drive/folders/1hYhohw4Fnp1aC3ETQLDGhxu1yLTs70RX
327,ES 331,บางกะปิ,ประดิษฐ์มนูธรรม,ก่อนถึงซอยลาดพร้าว ข.87 (ก่อนถึงร้าน World Type Bike),Type B2,13.80363,100.616844,https://drive.google.com/drive/folders/1gA47Z0O6zE2Z5cpXunLXkYyx99NqzBEu
328,ES 332,บางกะปิ,ประดิษฐ์มนูธรรม,ตรงข้าม Lotus (ก่อนถึงคลองกระเทียม 100ม.),Type B2,13.803603,100.615405,https://drive.google.com/drive/folders/1gqwZsmZZPjHIfJiGeKatnZmb5A2730XJ
329,ES 333,บางกะปิ,ประดิษฐ์มนูธรรม,หน้า THE CRYSTAL ก่อนถึงCDC เยื้องศูนย์HONDA เอกอินทรา,Type B2,13.81306,100.621528,https://drive.google.com/drive/folders/11zvmwzPeohlK7OWH_hQVMBv_pGaiEYkx
330,ES 334,บางกะปิ,ประดิษฐ์มนูธรรม,หน้า Chic Republic,Type B2,13.808479,100.61904,https://drive.google.com/drive/folders/1308MZNcyajhYhoXbhRlpnQwTCM73X0Z3
331,ES 335,บางกะปิ,ศรีนครินทร์,หน้าร้านทิ้นอมศิริลักษณ์ ห่างแยกลำสาลี 300 ม.(ทางไปแยกกรุงเทพกรีฑา),Type B2,13.700254,100.645598,https://drive.google.com/drive/folders/1Ti2W05z6mCFmTa3sxkWgqAMdmgVSIz6o
332,ES 336,ประเวศ,ศรีนครินทร์,เยื้องแมคโดครศรีนครินทร์ ( ซอยศรีนครินทร์ 45 ),Type B2,13.700254,100.646805,https://drive.google.com/drive/folders/1Sp1e8olcMmbJkWyfseM-Wft6CR3UofRU
333,ES 337,ประเวศ,ศรีนครินทร์,บริเวณปากซอยตลาดรถไฟ ข.ศรีนครินทร์ 51,Type B2,13.691122,100.647254,https://drive.google.com/drive/folders/1oCFOxaHzMiXF2pi9VWQpyX87dpo8KGVS
334,ES 338,ประเวศ,ศรีนครินทร์,หน้ากรมที่ดินพระโขนง บาจากทางเข้า พรีมียร์ 2 (ก่อนถึงคลองตารางข้าง),Type B2,13.684161,100.646714,https://drive.google.com/drive/folders/1FrjdYbcOeuQRo6fQ2lbFrCFclvBolRIJ
335,ES 339,ประเวศ,ศรีนครินทร์,ตรงข้ามหน้าพาราไดซ์ พาร์ค (1) ทางไปนเนยสวนหลวง,Type B2,13.687878,100.646689,https://drive.google.com/drive/folders/1Wqun3Zyv8lhQY0IAdVIWYl9EX5sUhb6D
336,ES 340,ประเวศ,ศรีนครินทร์,ตรงข้ามหน้าพาราไดซ์ พาร์ค (2) ทางไปนเนยสวนหลวง,Type B2,13.687902,100.646691,https://drive.google.com/drive/folders/1ByLiiouSqEdPjXDOijo-ItznoJcy84AH
337,ES 341,บางกะปิ,ศรีนครินทร์,ตรงข้ามเซ็นทัลพ์ (ใกล้ร้านไทยโดยไมโครไฟล์) ทางไปแยกลำสาลี,Type B2,13.757714,100.645643,https://drive.google.com/drive/folders/1WIOwXo4R5nT8LB-XpkHZzNDHRzTxyX81
338,ES 342,ประเวศ,พัฒนาการ,หมู่บ้านหมอนอม (ตรงข้ามซอย พัฒนาการ 66 ก่อนถึง พัฒนาการ 55),Type B2,13.730585,100.653159,https://drive.google.com/drive/folders/1HWzloXztAjRB-fUDFDfyRs8o0wlaiSfQ
339,ES 343,ประเวศ,อ่อนนุช,ข้างซอยอ่อนนุช 74/3,Type B2,13.717825,100.663937,https://drive.google.com/drive/folders/13molqOBP-oVtJx02y2HI7UonUIw_1IF1
340,ES 344,ประเวศ,อ่อนนุช,หน้าไชร์รูปรถ PROS CARS 44 ตรงข้ามซอยอ่อนนุช 84,Type B2,13.720721,100.684436,https://drive.google.com/drive/folders/1u6exCHrzgMNVF7oBqQeEegRFr8lJ2m_Z
341,ES 345,ประเวศ,พัฒนาการ,ตรงข้ามโครงการหมู่บ้านเศรษฐสิริ,Type B2,13.708307,100.667872,https://drive.google.com/drive/folders/1HVnJuA_i7JP7zg70g2YobMQjfIbFfFf0
342,ES 346,ประเวศ,อ่อนนุช,หน้าคอนโด LUMPIN VILLE ข.อ่อนนุช 55/1,Type B2,13.716638,100.654912,https://drive.google.com/drive/folders/1l0Wbv7hxfi2UHBjv8Dm_7aJTt9dO8S5A
343,ES 347,ประเวศ,อ่อนนุช,หน้าศ.ศิริวัฒนอุตสาหกรรม จก. (ก่อนซอย.อ่อนนุช 63 ใกล้ปั๊มน้ำมัน Pt),Type B2,13.72056,100.680385,https://drive.google.com/drive/folders/1j3h_T2j6QtIO6IGFZuIz4_BhvTOJEnMz
344,ES 348,ประเวศ,อ่อนนุช,ก่อนถึงเจ้าวิทักษ์เภสัชอิสสาน และโรงเรียนวิตักระสื่อปลา (มาจากซอย.อ่อนนุช 67) ก่อนถึงปั๊มน้ำมัน Q7,Type B2,13.721028,100.689514,https://drive.google.com/drive/folders/1XtjdnOtCPsKJjRsn6wJ-4-frqCkFln8y
345,ES 349,ประเวศ,อ่อนนุช,ตรงข้ามทางเจ้าวิตักระสื่อปลา (มาจากซอย.อ่อนนุช 84 ก่อนถึงปั๊มน้ำมัน Shell),Type B2,13.720797,100.689494,https://drive.google.com/drive/folders/1KeOWoXoEKns4cpf2jxlnBKXZfEmGH1J5
346,ES 350,ลาดกระบัง,ลาดกระบัง,ก่อนถึงแยกกิ่งแก้ว ประมาณ 250 เมตร (เบื้อง ลาดกระบัง ข.32),Type B2,13.722681,100.743711,https://drive.google.com/drive/folders/1PvxTTlHkgYxNe-YLjpQtDTBYfXfqvcc0
347,ES 351,ประเวศ,อ่อนนุช,ใกล้ท้ายถนนวิสิต เลขที่ 124 (มาจากทางฝั่งโลตัสและเลย ซอย.อ่อนนุช 88 ใกล้ปั๊มน้ำมัน Caltex),Type B2,13.721016,100.6934,https://drive.google.com/drive/folders/1XxnHEI0VVhryPJAjnmwU6oRcKmu87MV5
348,ES 352,ลาดกระบัง,ลาดกระบัง,บริเวณหน้าตัวเมืองโมโจ ใจ้กระดูกกิ่งแก้วกิ้ง ) ก่อน ลาดกระบัง ข.30,Type B2,13.72229,100.73787,https://drive.google.com/drive/folders/1znSfkMl2aSxAv2xH-sx8dqq0PS5ekfY4
349,ES 353,ประเวศ,อ่อนนุช,ตรงข้ามซอย.อ่อนนุช 63 (มาจากซอย.อ่อนนุช 84 ก่อนถึงปั๊มน้ำมัน Shell),Type B2,13.722352,100.73787,https://drive.google.com/drive/folders/1eS4ExEBAaAAWqYaJWePnfHsx4_-co78e
350,ES 354,ประเวศ,อ่อนนุช,หน้าหมู่บ้านเสื่ออ่อนนุช (ก่อนถึงซอย.อ่อนนุช 72) ทางไป ปลาย.อ่อนนุช,Type B2,13.716249,100.654356,https://drive.google.com/drive/folders/1Vyjf6vAsUpj7b64C2XJ7Nl4GhtiaUO8F
351,ES 355,ประเวศ,เฉลิมพระเกียรติ ร.9,เบื้อง เฉลิมพระเกียรติ ร.9,Type B2,13.677387,100.651716,https://drive.google.com/drive/folders/1auUihTVzCyMaJd3UbX5mvgeHASwSLwst
352,ES 356,ประเวศ,เฉลิมพระเกียรติ ร.9,หน้าครัวปราณี (ใกล้โรงเรียนบ้านทนนอย),Type B2,13.676898,100.659149,https://drive.google.com/drive/folders/1bf5z4l5o7PDKqMaUDwYnx8IizHJZNQuT
353,ES 357,ประเวศ,เฉลิมพระเกียรติ ร.9,ก่อนถึงบริษัท ชัยอยุยนิตยมอร์ต์ แอล อีแอดดริก จำกัด,Type B2,13.676615,100.659132,https://drive.google.com/drive/folders/10Arj42EX-hMqRU-XJTFm_Hnj--r_Lt2O
354,ES 358,ประเวศ,เฉลิมพระเกียรติ ร.9,ก่อนถึงตึกตาคารท้องที่ (มาจากสวนหลวง ร.9 ใกล้โรงเรียนวัดตะกล้า),Type B2,13.684848,100.667057,https://drive.google.com/drive/folders/1Ojws34QYeLoDJd_nAN2_fVV0KGRI4dTD
355,ES 359,บางกะปิ,เสรีไทย (สุขาภิบาล 2),หน้าแฝดคลองจั่น ตรงข้ามสายไทรศัพทคลองจั่น(เยื้องมหาวิทยาลัยสัยนิดา),Type B2,13.76842,100.651025,https://drive.google.com/drive/folders/1r5mFo1k68Fwl6OtoI0tRSB4W6j3LhAYM
356,ES 360,บางกะปิ,ลาดพร้าว,เลยซอย ลาดพร้าว 105 (ทางไป Tesco Lotus สาขาบางกะปิ ใกล้อีสต์ ทหารไทย),Type B2,13.772433,100.634095,https://drive.google.com/drive/folders/1A7kr1cMuA3iuxN4CRT3jot6mSNSWK2HW
357,ES 361,บางกะปิ,ลาดพร้าว,ใกล้ ซอย ลาดพร้าว 111/1 (บ้านก่อนถึง Lotus สาขาบางกะปิ),Type B2,13.769951,100.638514,https://drive.google.com/drive/folders/1ZaxMGS5RVcfYLkuKozAzvWWNg7YDyeHl
358,ES 362,บางกะปิ,ลาดพร้าว,หน้าบนการโบยเน้า (ก่อนถึง รามคำแหง 136 มาจาก The Mall),Type B2,13.770601,100.636861,https://drive.google.com/drive/folders/1gOWLVsxttPfbTOUcSr8l2bzDLPgMKGth
359,ES 363,บางกะปิ,รามคำแหง,เลยซอย รามคำแหง 24 หน้า ก.กรุงเทพ (ตรงข้ามปิ๊กซ์),Type B2,13.754408,100.612732,https://drive.google.com/drive/folders/1RLycJxxUVGeG8Amzu--NK8mcIj6RtCKl
360,ES 364,ลาดกระบัง,หลวงแพ่ง,ตรงข้าม SIAM PREMIUM OUTLETS ข้างทัวร์จีน,Type B2,13.70397,100.839213,https://drive.google.com/drive/folders/1bb1H4UHSA-MXQ7-XpbUqwHJG-mG4cdSq
361,ES 365,ลาดกระบัง,ลาดกระบัง,ตรงข้ามห้าง Robinson Lifestyle สาขาลาดกระบัง ( ตรงข้ามซอยลาดกระบัง 20/3 ),Type B2,13.722275,100.725702,https://drive.google.com/drive/folders/1z9flflFFnnj95qNXwQZFFnvUF4D8CCsG
362,ES 366,ลาดกระบัง,ลาดกระบัง,ตรงข้ามห้าง The Paseo ข้างซอยลาดกระบัง 1/6,Type B2,13.722378,100.728506,https://drive.google.com/drive/folders/1sF1fs7hAs-XAYM3hM8qVJOiw00IvQAzl
363,ES 367,คลองสามวา,เลียบคลองสอง,ตรงข้ามสำนักงานเขตคลองสามวา,Type B2,13.8603115,100.703683,https://drive.google.com/drive/folders/1_BOhzdYmE3Nq8Dp4ga4dx4huFjkqu24C
364,ES 368,ลาดกระบัง,ฉลองกรุง,ปากซอยฉลองกรุง 7,Type B2,13.7441952,100.7921627,https://drive.google.com/drive/folders/1zSCH4vJqw2cVZOoRavcswOOb2oYhiRR-
365,ES 369,ลาดกระบัง,หลวงแพ่ง,ข้างผู้สาทรที่ ก่อนเลี้ยวขวาเข้ามอเตอร์เวย์,Type B2,13.71217,100.817061,https://drive.google.com/drive/folders/1qOxFQ84r930jVxsuQivKzolWs05bc1_s
366,ES 370,ประเวศ,พัฒนาการตัดใหม่,หน้าป่า ปลาชีฟู้ด,Type B2,13.703017,100.671685,https://drive.google.com/drive/folders/1b_dJycpATrW_oZSZaR9g6c77gpIVQ4HK
367,ES 371,ประเวศ,พัฒนาการตัดใหม่,ข้างร้านอาหารครัวพรักตัน์,Type B2,13.702801,100.671446,https://drive.google.com/drive/folders/1GnKMyOJqeyLxaKanJAbqzWk6XFRHBJp_
368,ES 372,ประเวศ,ศรีนครินทร์,หน้าสำนักงานประกันสังคมพื้นที่ 8 เลย ข.ศรีนครินทร์ 61,Type B2,13.681841,100.646544,https://drive.google.com/drive/folders/1RsdamsUIb-0ty6bWfy7sPS-UPUs1MrrF
369,ES 373,บางกะปิ,กรุงเทพกรีฑา,ตรงข้ามซอยกรุงเทพกรีฑา 39 (หน้าหมู่บ้านอยู่สบาย),Type B2,13.765088,100.685595,https://drive.google.com/drive/folders/13-CrO4fqNl25l_voy7lG_SnK2kfgCyT3
370,ES 374,ลาดกระบัง,หลวงแพ่ง,ปากซอยนำไกร หน้า 7 ELEVEN,Type B2,13.709438,100.824624,https://drive.google.com/drive/folders/1hl8KTVBOHhdTD8b63lzW3ucdKLQ8s3dd
371,ES 375,ประเวศ,เฉลิมพระเกียรติ ร.9,ปากซอยเฉลิมพระเกียรติ ร.9 55/1,Type B2,13.699752,100.679432,https://drive.google.com/drive/folders/1FtUukQwMZD3IaVsguCTAEN5Nw_B6czKp
372,ES 376,ประเวศ,เฉลิมพระเกียรติ ร.9,หน้าบริษัทอกรีเนี่ยน ซอยเฉลิมพระเกียรติ ร.9 63,Type B2,13.699841,100.681766,https://drive.google.com/drive/folders/1BSwLxPqAdh7hS6kYiJ8mtXGwex07UzMB
373,ES 377,ประเวศ,เฉลิมพระเกียรติ ร.9,หน้าบริษัทสหยมาการดำเนิงไม่จำกัด ซอยเฉลิมพระเกียรติ ร.9 71,Type B2,13.701775,100.688181,https://drive.google.com/drive/folders/1HkPKWSj0wYEVn00np2Id2SUv_4lAiEYo
374,ES 378,ประเวศ,เฉลิมพระเกียรติ ร.9,หน้ามูลนิธิเพื่อการศึกษาโรงเรียนธรรมสตีรู้อีอิสลาม เยื้องซอยเฉลิมพระเกียรติ ร.9 62,Type B2,13.703477,100.690079,https://drive.google.com/drive/folders/16RZ5FnOYdIu922pJOuQZ_pX8u2wMZfIG
375,ES 379,ประเวศ,เฉลิมพระเกียรติ ร.9,เฉลิมพระเกียรติ ร.9 75 ตรงข้ามโรงเรียนสุเหร่าเข้าเขิน,Type B2,13.707495,100.691842,https://drive.google.com/drive/folders/1NlKgskJyeD4PwttYWpp6K4WlLeNneXsj
376,ES 380,ประเวศ,เฉลิมพระเกียรติ ร.9,หน้าคั่งสินค้ามือสองญี่ปุ่น เลยซอยเฉลิมพระเกียรติ ร.9 77,Type B2,13.710475,100.693197,https://drive.google.com/drive/folders/1LKtAByl2WqBikrHB-Ku1Mc5xdp-oWuJW
377,ES 381,ประเวศ,เฉลิมพระเกียรติ ร.9,ตรงข้ามซอยเฉลิมพระเกียรติ ร.9 72,Type B2,13.715347,100.69588,https://drive.google.com/drive/folders/1y5gE1kV8MqbfgJC_RNE0hCvsHLlnBnvk
378,ES 382,ประเวศ,เฉลิมพระเกียรติ ร.9,ตรงข้ามซอยเฉลิมพระเกียรติ ร.9 83,Type B2,13.716819,100.697252,https://drive.google.com/drive/folders/1NOgAY50Z_VKVGv5e1lZtj7O8eaTIXsZL
379,ES 383,ประเวศ,เฉลิมพระเกียรติ ร.9,ตรงข้ามซอยเฉลิมพระเกียรติ ร.9 17 (หน้าหมู่บ้านสัตตาวัสย์),Type B2,13.677048,100.655208,https://drive.google.com/drive/folders/1XRmDZMbf-VDAWWZL6tlj-JnlcgMpySkL
380,ES 384,ประเวศ,เฉลิมพระเกียรติ ร.9,ปากซอยเฉลิมพระเกียรติ ร.9 21,Type B2,13.677167,100.656121,https://drive.google.com/drive/folders/1MpXnuFtyUZkeRABoQZFy-wUKE1u92Mfq
381,ES 385,ประเวศ,เฉลิมพระเกียรติ ร.9,ปากซอยเฉลิมพระเกียรติ ร.9 10,Type B2,13.676873,100.657054,https://drive.google.com/drive/folders/1PgZmYk7dIZ_-vKR07JzxoNE-4OMjykUJ
382,ES 386,ประเวศ,เฉลิมพระเกียรติ ร.9,ปากซอยเฉลิมพระเกียรติ ร.9 34,Type B2,13.688573,100.669189,https://drive.google.com/drive/folders/1EB8Qsv4nYxOD7_ytjH4WCYunCKOFJryz
383,ES 387,ประเวศ,เฉลิมพระเกียรติ ร.9,ปากซอยเฉลิมพระเกียรติ ร.9 83 (ทางเข้าสำนักงานเขตประเวศ),Type B2,13.716769,100.696929,https://drive.google.com/drive/folders/1JZa4EYNTvj9noE4UpM3k-eSjD3duEOzR
384,ES 388,ประเวศ,พัฒนาการตัดใหม่,ข้างตึก SMC,Type B2,13.705716,100.669935,https://drive.google.com/drive/folders/19OyFba9wfdluEuI6CythzuDxdjA4ZyPs
385,ES 389,ประเวศ,พัฒนาการตัดใหม่,หน้าชุมชนแมวเทพพาณิชย์ ตรงข้ามตึกSMC,Type B2,13.705032,100.669995,https://drive.google.com/drive/folders/1oGIn7L3GnHa7oUVISv-LE5a64iQ9HakY
386,ES 390,ประเวศ,เฉลิมพระเกียรติ ร.9,เลยโรงอาหาร รามา,Type B2,13.711155,100.663554,https://drive.google.com/drive/folders/1llNKHGv50R_JhEltuWps1hosqajmoQHO
387,ES 391,ลาดกระบัง,หลวงแพ่ง,ตรงข้ามโรงงาน CARRY BOY,Type B2,13.708854,100.826186,https://drive.google.com/drive/folders/1KbHE8Zj7jFN_Hp8WB0ecfMuJw7qUKj1B
388,ES 392,ลาดกระบัง,หลวงแพ่ง,หน้า CARRY BOY สำนักงานใหญ่,Type B2,13.708005,100.828576,https://drive.google.com/drive/folders/1HfQXxLh-M0jYpGQQjj-Z81xUdAN5Udkd
389,ES 393,ลาดกระบัง,หลวงแพ่ง,หน้าร้านอาหารบ้านข้าวสวย ตรงข้าม 888 ค้าวัสดุก่อสร้าง,Type B2,13.705398,100.835476,https://drive.google.com/drive/folders/1GRfMLy7aHVN8Kg8WqWImsQJdgvqwkV5K
390,ES 394,ประเวศ,เฉลิมพระเกียรติ ร.9,ตรงข้ามคั่งสินค้ามือสองญี่ปุ่น เยื้องซอยเฉลิมพระเกียรติ ร.9 77,Type B2,13.710806,100.693541,https://drive.google.com/drive/folders/1K8hxN4FqF1EThd1yzu3ta7UuPezBmR54
391,ES 395,ลาดกระบัง,ฉลองกรุง,เลยซอยฉลองกรุง 56,Type B2,13.774179,100.814646,https://drive.google.com/drive/folders/1KgTqKjbE8BNp_B2VhkIT-txkPxFWZ0Ot
392,ES 396,ประเวศ,เฉลิมพระเกียรติ ร.9,หน้าหมู่บ้านราชพฤกษ์ ก่อนถึงซอยเฉลิมพระเกียรติ ร.9 54,Type B2,13.699762,100.683648,https://drive.google.com/drive/folders/1grkdjGV6kUUTQRi4PhXMXFyG40UhuoMl
393,ES 397,ประเวศ,เฉลิมพระเกียรติ ร.9,หน้าบริษัทGRUNDFOS ข้างซอยเฉลิมพระเกียรติ ร.9 50,Type B2,13.699698,100.682367,https://drive.google.com/drive/folders/1QHSsemJASISuLNN38XEZTMWTItpjFFe4
394,ES 398,ประเวศ,เฉลิมพระเกียรติ ร.9,ปากซอยเฉลิมพระเกียรติ ร.9 48,Type B2,13.69963,100.680642,https://drive.google.com/drive/folders/1vkPYsIp7RclLfItm2eDfebQdTxvqQday
395,ES 399,ประเวศ,เฉลิมพระเกียรติ ร.9,ตรงข้ามซอยเฉลิมพระเกียรติ ร.9 55/1,Type B2,13.699541,100.678392,https://drive.google.com/drive/folders/1oNs44yJ-2qu7ZuIyDqUDFqcZwaPvI-aG
396,ES 400,ประเวศ,เฉลิมพระเกียรติ ร.9,หน้าสนามแนบปิดปั้นสวนหลวง สามแยกตัดใหม่,Type B2,13.699463,100.676286,https://drive.google.com/drive/folders/1JsRCebRDt_1AQtgCzMVsGYZM4ec0Hp0O
397,ES 401,ประเวศ,เฉลิมพระเกียรติ ร.9,ก่อนซอยเฉลิมพระเกียรติ ร.9 42 ตรงข้ามซอยเฉลิมพระเกียรติ ร.9 49 ตรงข้ามเยื้องไทยซีเมนต์,Type B2,13.697565,100.674335,https://drive.google.com/drive/folders/1iHc5H1bkG4oka4r3lBUHyq1gC4ik6Ce-
398,ES 402,ประเวศ,เฉลิมพระเกียรติ ร.9,ก่อนซอยเฉลิมพระเกียรติ ร.9 ตรงข้ามเยื้องไทยซีเมนต์,Type B2,13.690917,100.670509,https://drive.google.com/drive/folders/1rEOqq3WlCWkSodWZQwONAsH0zlIoQOJI
399,ES 403,ประเวศ,เฉลิมพระเกียรติ ร.9,ตรงข้ามซีเมนต์ไมงาน เยื้องศูนย์ก่อสร้าง และซุปรฒนธน 3 สำนักไยธา,Type B2,13.680409,100.664489,https://drive.google.com/drive/folders/156d7BkxyxPY-vBr8NKB5Hkkk_QM9WNx3
400,ES 404,ประเวศ,พัฒนาการตัดใหม่,ข้างศูนย์ยถ The one ซอยโรงเรียนนอนุบาลจินดา (1),Type B2,13.7098845,100.6665505,https://drive.google.com/drive/folders/1-Bp1Ph_2Bq742UGsVdQelcdgpsIUKQvO
401,ES 405,ประเวศ,พัฒนาการตัดใหม่,ข้างศูนย์ยถ The one ซอยโรงเรียนนอนุบาลจินดา (2),Type B2,13.7098509,100.6665505,https://drive.google.com/drive/folders/13-mtBZrYZL7xJBDR1MjBoecxFNJ3eEoM
402,ES 406,ลาดกระบัง,ฉลองกรุง,ตรงข้ามซอยฉลองกรุง 52,Type B2,13.769624,100.809141,https://drive.google.com/drive/folders/1iGwT1HhU-uoNPhj2aphufTU8mHqav8pB
403,ES 407,ประเวศ,เฉลิมพระเกียรติ ร.9,หน้าสวนหลวง ร.9 (1),Type B2,13.689024,100.669207,https://drive.google.com/drive/folders/1FEkitYk3pYMns-HkTpTH9-618nrjASon
404,ES 408,ประเวศ,เฉลิมพระเกียรติ ร.9,หน้าสวนหลวง ร.9 (2),Type B2,13.689078,100.669234,https://drive.google.com/drive/folders/1kTzxrwJ9m9ofeY8qBgyhDpdlxgAWLrdS
405,ES 409,ประเวศ,เฉลิมพระเกียรติ ร.9,ปากซอยเฉลิมพระเกียรติ ร.9 13 หน้าสวนหลวงแอร์,Type B2,13.677388,100.6537,https://drive.google.com/drive/folders/1qcgljCAvzzjwQQMBZz-Z-0GDQtKqgDjm
406,ES 410,ประเวศ,เฉลิมพระเกียรติ ร.9,หน้าโตโยต้าTOYOTA ก่อนซอยเฉลิมพระเกียรติ ร.9 40,Type B2,13.694155,100.672384,https://drive.google.com/drive/folders/1aNJY6XH2NOTq2SNiiS_v_U6tHjWqq53V
407,ES 411,ประเวศ,พัฒนาการตัดใหม่,หน้าโครงการหมู่บ้านเศรษฐสิริ (1),Type B2,13.7088751,100.6679341,https://drive.google.com/drive/folders/1-AHeBNFRNmRvj8hZbinPmZWhRcQ0PgEy
408,ES 412,ประเวศ,พัฒนาการตัดใหม่,หน้าโครงการหมู่บ้านเศรษฐสิริ (2),Type B2,13.7088959,100.6679244,https://drive.google.com/drive/folders/1IP94P0qNo0jbb6JlAatef3lQ8ftnO_aK
409,ES 413,ลาดกระบัง,หลวงแพ่ง,ตรงข้ามศูนย์รวมทัวร์จีน เลยคลองพระยา,Type B2,13.704433,100.837301,https://drive.google.com/drive/folders/1OY0dG5s_qtU2HueI885a_X7cPz5R_u2E
410,ES 414,ลาดกระบัง,หลวงแพ่ง,หน้าทวงสุวรรณสูตร ก่อนถึงคลองทัยยาว,Type B2,13.7052,100.835315,https://drive.google.com/drive/folders/1CyFO5diZjb5xLb05wkmHUP1NmrB-9HPN
411,ES 415,ลาดกระบัง,หลวงแพ่ง,ตรงข้าม CARRY BOY สำนักงานใหญ่ เลยคลองทัยยาว,Type B2,13.707864,100.828234,https://drive.google.com/drive/folders/1-EW44AzhB0o6SuDre5bkB0vr_eJ9qsWc
412,ES 416,ลาดกระบัง,หลวงแพ่ง,หน้าโรงงาน CARRY BOY เยื้องซอยทัยยาว,Type B2,13.708775,100.825636,https://drive.google.com/drive/folders/1ShEG8ZBQM73xJipR-KO_0AHXb8WL7ujo
413,ES 417,ลาดกระบัง,หลวงแพ่ง,ข้างสถานีตำรวจทางหลวง 1 กองกำกับการ 8 ทางขึ้น - ลงมอเตอร์เวย์,Type B2,13.711618,100.817706,https://drive.google.com/drive/folders/1AOEgBDaIL0jzkNMhWAcfIaCu4GtxZw0p
414,ES 418,ลาดกระบัง,ลาดกระบัง,ปากซอยลาดกระบัง 1/10,Type B2,13.722504,100.733995,https://drive.google.com/drive/folders/1fiEj0DwMcdB-9jt_OZplXb_ngW3e9BJ6
415,ES 419,ประเวศ,พัฒนาการตัดใหม่,ตรงข้ามโรงอาหาร รามา,Type B2,13.711816,100.664008,https://drive.google.com/drive/folders/1WPmZYXbLiS2RuHF_ork-k913DowPTZn9
416,ES 420,ลาดกระบัง,ฉลองกรุง,ข้างปั้มน้ำมัน NGV ก่อนซอยฉลองกรุงแพ่ง 8,Type B2,13.718344,100.799744,https://drive.google.com/drive/folders/1NREryJUBXwScKo1-9zSyoentb9SN08Q9
417,ES 421,ประเวศ,อ่อนนุช,ปากซอยอ่อนนุช 82,Type B2,13.71902,100.671212,https://drive.google.com/drive/folders/1nic8c2DzzGx1Ds7l_qxPgzS5BCcDp19u
418,ES 422,ประเวศ,อ่อนนุช,ข้างปั้มน้ำมันจาก ตรงข้ามซอยอ่อนนุช 74/3,Type B2,13.718175,100.664129,https://drive.google.com/drive/folders/1IkTOJZcPv4nLPTj47vujvYgUOCPGYJ7Q
419,ES 423,ประเวศ,อ่อนนุช,ปากซอยอ่อนนุช 59/1,Type B2,13.720161,100.677547,https://drive.google.com/drive/folders/15Au6oYGxRskF2m5opiT0vyyz0MO9snqz
420,ES 424,ประเวศ,พัฒนาการตัดใหม่,หน้าร้านแน่งเน้นอิสเลฟเน่วน (1),Type B2,13.710417,100.66625,https://drive.google.com/drive/folders/1nyjlr7O38zNzVBJY3FoTyjN1ee-zi5qI
421,ES 425,ประเวศ,พัฒนาการตัดใหม่,หน้าร้านแน่งเน้นอิสเลฟเน่วน (2),Type B2,13.710399,100.666209,https://drive.google.com/drive/folders/1j7_jPpgSQ-ml9OxZDt5PQFNzmaFZVxak
422,ES 426,ลาดกระบัง,ฉลองกรุง,ปากซอยฉลองกรุง 61,Type B2,13.776101,100.816386,https://drive.google.com/drive/folders/1ji4rb1RxXLIEwN7eo4psgbgA-XjCPhOh
423,ES 427,ลาดกระบัง,ฉลองกรุง,ตรงข้ามซอยฉลองกรุง 61,Type B2,13.776651,100.817427,https://drive.google.com/drive/folders/1ZxupjdJ9tuzZ8UJ-ES8T-Fh_GX7C3_vS
424,ES 428,มีนบุรี,ราษฎร์อุทิศ,หน้าบริษัทบิ๊กมิตซูบิชิ มอเตอร์ส (ประเทศไทย) จำกัด,Type B2,13.81664,100.75151,https://drive.google.com/drive/folders/1JsvmqEO3lyDJMJqU7MnFM2T17jbVNEZB
425,ES 429,มีนบุรี,ราษฎร์อุทิศ,ซอยราษฎร์อุทิศ 1/5,Type B2,13.821251,100.75278,https://drive.google.com/drive/folders/1hHQY30ww_5WumUW8D4Ec4dt4D-60NoDW
426,ES 430,มีนบุรี,ราษฎร์อุทิศ,ซอยราษฎร์อุทิศ 3/1,Type B2,13.822916,100.75603,https://drive.google.com/drive/folders/1ssR7iAK7F9BMqBKzID4s2uPmuGDego0v
427,ES 431,มีนบุรี,ราษฎร์อุทิศ,ซอยราษฎร์อุทิศ 3/4,Type B2,13.824354,100.75879,https://drive.google.com/drive/folders/1FqO23wSACOs696H7B4IPVNg8WHoasx05
428,ES 432,มีนบุรี,ราษฎร์อุทิศ,ซอยราษฎร์อุทิศ 9,Type B2,13.827217,100.76419,https://drive.google.com/drive/folders/1tdjyBuVVWxZbJqsShZXrhhzRVH7FuuyN
429,ES 433,มีนบุรี,ราษฎร์อุทิศ,ซอยราษฎร์อุทิศ 15,Type B2,13.828856,100.76721,https://drive.google.com/drive/folders/1NXwBrJtbwi0Vl3uk1494wmPZbPYk3AwL
430,ES 434,มีนบุรี,ราษฎร์อุทิศ,ซอยราษฎร์อุทิศ 19/4,Type B2,13.830618,100.7702,https://drive.google.com/drive/folders/1dPS9iG5KdB-8LohC65vR1AnisrHXMdMo
431,ES 435,มีนบุรี,ราษฎร์อุทิศ,ซอยราษฎร์อุทิศ 27/1,Type B2,13.836879,100.77985,https://drive.google.com/drive/folders/12bqsjhkx8bzDeigrAugNUYrJoxyFN3MV
432,ES 436,มีนบุรี,ราษฎร์อุทิศ,ซอยราษฎร์อุทิศ 27/5,Type B2,13.838131,100.78219,https://drive.google.com/drive/folders/1lRrKVWFSoJ7q-Mdiub5cL_OX8Q21Iha5
433,ES 437,มีนบุรี,ราษฎร์อุทิศ,ซอยราษฎร์อุทิศ 27/6,Type B2,13.839861,100.78542,https://drive.google.com/drive/folders/1FzhI9sFCWS7krSdodspcN3KozovxoLrz
434,ES 438,มีนบุรี,ราษฎร์อุทิศ,ซอยราษฎร์อุทิศ 2/2,Type B2,13.821113,100.75282,https://drive.google.com/drive/folders/16l3B-0XlISWaCzUVkvY61Tw9mEQjczeN
435,ES 439,มีนบุรี,ราษฎร์อุทิศ,ซอยราษฎร์อุทิศ 4/1,Type B2,13.822603,100.75577,https://drive.google.com/drive/folders/1xtkac0EdEKqFQ81L8TSi94jlZwovrf9H
436,ES 440,มีนบุรี,ราษฎร์อุทิศ,ซอยราษฎร์อุทิศ 10,Type B2,13.829066,100.76799,https://drive.google.com/drive/folders/1Sg-ezW_p8KokX4kOg8LGbBlLOU3vPCFw
437,ES 441,มีนบุรี,ราษฎร์อุทิศ,ซอยราษฎร์อุทิศ 18,Type B2,13.827858,100.76568,https://drive.google.com/drive/folders/1XQUfMpP2Cb41CpXacmbq96Aub10UZKDy
438,ES 442,มีนบุรี,ราษฎร์อุทิศ,ซอยราษฎร์อุทิศ 36,Type B2,13.83111,100.77123,https://drive.google.com/drive/folders/18NYeFCx-SMi7OF2hSeSQawVKE5foszqa
439,ES 443,มีนบุรี,ราษฎร์อุทิศ,ซอยราษฎร์อุทิศ 48,Type B2,13.838165,100.78256,https://drive.google.com/drive/folders/1RB30q5XXRuQABv_ozvTKrEhCoB_LTYZ7
440,ES 444,มีนบุรี,ราษฎร์อุทิศ,ซอยราษฎร์อุทิศ 52,Type B2,13.839859,100.78568,https://drive.google.com/drive/folders/1u7PCYZPZ9IjfU_gcW2JILRo5I4JNsChk
441,ES 445,หนองจอก,เลียบวารี,ตรงข้ามซอยเลียบวารี 61,Type B2,13.852784,100.818,https://drive.google.com/drive/folders/1vuREDGZ0K3cirSCQgxWKVet76xEJ053P
442,ES 446,หนองจอก,เลียบวารี,ซอยเลียบวารี 61,Type B2,13.852669,100.81804,https://drive.google.com/drive/folders/1-u_QIrC6rzjEw8SKIHBq8vybHmGpIIOC
443,ES 447,หนองจอก,เลียบวารี,ซอยเลียบวารี 69,Type B2,13.852239,100.81363,https://drive.google.com/drive/folders/1dgi71ssHfzUq2ntN1dT80wX5cP9IS93Q
444,ES 448,หนองจอก,เลียบวารี,ตรงข้ามซอยเลียบวารี 69,Type B2,13.852376,100.81333,https://drive.google.com/drive/folders/17JFUJzITckzuNCM1R07G_1GGbaVNDIO8
445,ES 449,หนองจอก,เลียบวารี,ซอยเลียบวารี 73,Type B2,13.851981,100.81095,https://drive.google.com/drive/folders/1ck61zGXSDBO7NdqGM92OCMadmNsMLRjs
446,ES 450,หนองจอก,เลียบวารี,ตรงข้ามซอยเลียบวารี 73,Type B2,13.852119,100.81095,https://drive.google.com/drive/folders/1oRo5xQJpmq6OAr7cr_PR1uKPDlpqClOP
447,ES 451,หนองจอก,เลียบวารี,ซอยเลียบวารี 81,Type B2,13.849982,100.80397,https://drive.google.com/drive/folders/1_dkTlG8lwU73ccQV0V6fHoOE9B1uLewj
448,ES 452,หนองจอก,เลียบวารี,ตรงข้ามซอยเลียบวารี 81,Type B2,13.849951,100.80384,https://drive.google.com/drive/folders/1O0yPMWq1bmNx3A9r5O_myZo8QV3BfOb8
449,ES 453,หนองจอก,เลียบวารี,ตรงข้าม บีซี ออโต้คาร์,Type B2,13.84796,100.79996,https://drive.google.com/drive/folders/1vHWzd7cMhoCBBVqs23NwrkxsebTF2Y3G
450,ES 454,หนองจอก,เลียบวารี,ก่อนถึงซอยราษฎร์อุทิศ 70,Type B2,13.847768,100.79989,https://drive.google.com/drive/folders/175NPO0SqFBgNf4bfnJZ-hORqZozljSua
451,ES 455,คันนายาว,นวมินทร์,หน้า spring residence,ลอนโค้ง,13.83347,100.6601,https://drive.google.com/drive/folders/1i7BXy6EwRwrKGuuyQElUetBL-uJt7622
452,ES 456,คันนายาว,นวมินทร์,ก่อนซอยนวมินทร์ 100,ลอนโค้ง,13.83649,100.66168,https://drive.google.com/drive/folders/1yEZsUPwxnovGTYUdpuwdM9JaPo61zKaV
453,ES 457,คันนายาว,นวมินทร์,ก่อนซอยนวมินทร์ 98,ลอนโค้ง,13.8339,100.66062,https://drive.google.com/drive/folders/1iefXpwWBiJrfeecow2jHYVcwyu3QvjjJ
454,ES 458,ลาดกระบัง,ลาดกระบัง,หน้าศูนย์เยาวชนลาดกระบัง,Type B2,13.721812,100.781852,https://drive.google.com/drive/folders/1p9u9FudghiiQHsRi9mQC0APk-IbvfJ5z
455,ES 460,บึงกุ่ม,นวมินทร์,ซอยนวมินทร์ 80,Type B2,13.821635,100.65563,https://drive.google.com/drive/folders/1x99S92HXtl62CTPgWCgWBqrTDgjVGN-Y
456,ES 461,สะพานสูง,ศรีนครินทร์-ร่มเกล้า,เบื้องตรงข้ามหมู่บ้าน nirvana define,Type B2,13.751371,100.682255,https://drive.google.com/drive/folders/1iaEzbC4KwqRsTAJnv-hQzPfwSu7CsV74
457,ES 462,สะพานสูง,ศรีนครินทร์-ร่มเกล้า,เลยหมู่บ้าน nirvana define,Type B2,13.751163,100.682152,https://drive.google.com/drive/folders/1USY9k8k7bs8KnvUJi3j8xGxWxI1Kf-dd
458,ES 463,สะพานสูง,ศรีนครินทร์-ร่มเกล้า,ก่อนถึงซอยเมือกน้อย,Type B2,13.75306,100.69566,https://drive.google.com/drive/folders/1e100s5vQNgMRwpAwf9vk11KGrmJRoa_n
459,ES 464,สะพานสูง,ศรีนครินทร์-ร่มเกล้า,เบื้องตรงข้ามซอยเมือกน้อย,Type B2,13.75261,100.69608,https://drive.google.com/drive/folders/1nQRyDvTbLo_XwP4R4CNcOyFvUaK4F4TA
460,ES 465,คันนายาว,คู้บอน,หน้าปิ๊กซ์คู้บอน,Type B2,13.841245,100.662306,https://drive.google.com/drive/folders/17ftSA1RwIs9clxcJ9gp2KBnQFRq-LvEG
461,ES 466,ประเวศ,พัฒนาการตัดใหม่,ซอยพัฒนาการ 76,Type B2,13.727534,100.656614,https://drive.google.com/drive/folders/1LHURdJL1C8OuVMAgeYQqCORx9NcjHSLw
462,ES 468,บางกะปิ,รามคำแหง,ระหว่างซอยรามคำแหง 83/1 - 83/2 (หน้าโรงแรมANDA) 1,Type B2,13.761906,100.638054,https://drive.google.com/drive/folders/16ko7b9M3bcd--GL-pUitr5Cte_Ccn2ua
463,ES 469,บางกะปิ,รามคำแหง,ระหว่างซอยรามคำแหง 83/1 - 83/2 (หน้าโรงแรมANDA) 2,Type B2,13.761916,100.638147,https://drive.google.com/drive/folders/187rjZVS5gJ3Rrw9vOlO84ynWhPzzUgvX
464,ES 470,บางกะปิ,รามคำแหง,หน้าเดอะมอลล์ซอยปิ้งเซ็นต์เดอร์ (2),Type B2,13.751985,100.610336,https://drive.google.com/drive/folders/144XmuZRwF82O6l74vteRFdE-LhTHJU2J
465,ES 471,บางกะปิ,รามคำแหง,หน้าเดอะมอลล์ซอยปิ้งเซ็นต์เดอร์ (1),Type B2,13.75194,100.610296,https://drive.google.com/drive/folders/1HjtS8Egnw9ezdx2hueUw7HCo5ofoPLDu
466,ES 472,บางกะปิ,รามคำแหง,ตรงสถานีบันดินเพลิงทัวร์หนามวงษ์ (1),Type B2,13.760657,100.62707,https://drive.google.com/drive/folders/14EmgLThPECn2FPZgnY-t1Hu2OlcRxFRx
467,ES 473,บางกะปิ,รามคำแหง,ตรงข้ามสถานีบันดินเพลิงทัวร์หนามวงษ์ (2),Type B2,13.760667,100.627163,https://drive.google.com/drive/folders/1eVXGCMEteTLq2iKs-UyxQNX2e27vUlpj
468,ES 474,บางกะปิ,รามคำแหง,หน้าการกีฬาแห่งประเทศไทย,Type B2,13.760386,100.625982,https://drive.google.com/drive/folders/13_D-rVmXh36ZOmISZKdMTtfsEa0SDVl9
469,ES 475,บางกะปิ,รามคำแหง,บริเวณปากซอยรามคำแหง 78,Type B2,13.771496,100.664084,https://drive.google.com/drive/folders/10rD4jk3CmSCgzObdAgdsLWWF-G-ArCM4
470,ES 476,บางกะปิ,รามคำแหง,บริเวณปากซอยรามคำแหง 79,Type B2,13.761177,100.631363,https://drive.google.com/drive/folders/18G3G1QF-D81vZpG1ZJxCV0lfKFrrFFQe
471,ES 477,บางกะปิ,รามคำแหง,บริเวณปากซอยรามคำแหง 85 หน้าไตรโซจมอยน์ดต้าหัวหมาก,Type B2,13.76208,100.639523,https://drive.google.com/drive/folders/18s9H35aydebjnvDIWtNpDudkOpSA8ZQf
472,ES 478,บางกะปิ,รามคำแหง,บริเวณปากซอยรามคำแหง 107,Type B2,13.765398,100.653876,https://drive.google.com/drive/folders/15-jmKA3U1tM-kmIWJ-BWyK_e0T1sSJ1q
473,ES 479,บางกะปิ,รามคำแหง,ตรงข้ามซอยรามคำแหง 107,Type B2,13.765237,100.653901,https://drive.google.com/drive/folders/1zHBDyjv77HUrVvGJWvbnZFfoMacu18Ql
474,ES 481,บางกะปิ,กรุงเทพกรีฑา,ข้างบ้านเลขที่48/3,Type B2,13.749587,100.649309,https://drive.google.com/drive/folders/1Zpj5IYjW6VQlicfkaDqZp6l8-NVpqoUz
475,ES 482,บางกะปิ,กรุงเทพกรีฑา,ก่อนถึงโรงเรียนลำสาลี,Type B2,13.749507,100.649806,https://drive.google.com/drive/folders/1_wjMm4w_c5RCOF7cKmR9l1BzJUHv3Mdg
476,ES 487,ลาดกระบัง,ศรีนครินทร์-ร่มเกล้า,บริเวณสะพานถนนก่อนแยกถนนนพพัฒนา นบ ฝั่งออก,Type B2,13.754513,100.719734,https://drive.google.com/drive/folders/1hkuR3MUvq5-XS1SOuix6Jdfmb3Z5VApO
477,ES 488,ลาดกระบัง,ศรีนครินทร์-ร่มเกล้า,บริเวณสะพานถนนก่อนแยกถนนนพพัฒนา นบ ฝั่งเข้า,Type B2,13.754207,100.719658,https://drive.google.com/drive/folders/1lV3Gfyln5lKynbtE8_a5Bsm-LXU6BO6P
478,ES 489,ลาดกระบัง,ศรีนครินทร์-ร่มเกล้า,บริเวณปากซอยศรีนครินทร์-ร่มเกล้า 33,Type B2,13.754765,100.729349,https://drive.google.com/drive/folders/14Tnn9YTuC8Ma98P40rallZCVhrRXjLyS
479,ES 490,ลาดกระบัง,ศรีนครินทร์-ร่มเกล้า,ตรงข้ามศรีนครินทร์-ร่มเกล้า 33,Type B2,13.754207,100.719658,https://drive.google.com/drive/folders/1Brs5XAv6m7hxWKqGb2cmNcdr7I4284Yh
480,ES 491,คลองสามวา,นิมิตใหม่,ปากซอยนิมิตใหม่ 41,หลังเล็ก,13.893904,100.732241,https://drive.google.com/drive/folders/1C3GIZ9GuAzE4wgw-qjlQR1CTp3SObc_Z
481,ES 492,บึงกุ่ม,เสรีไทย,ตรงข้ามซอย 37,หลังเล็ก,13.779639,100.667829,https://drive.google.com/drive/folders/1PrqtNC6p3YN_LSc3uJ-16G4Dd4xQPmFL
482,ES 493,บึงกุ่ม,เสรีไทย,ซอย 66-68,หลังเล็ก,13.807678,100.714927,https://drive.google.com/drive/folders/12y-OKgsQfkK9mYkmOdWM5x7FNcTi8CRa
483,ES 494,ประเวศ,อ่อนนุช,ตรงข้ามปากซอยอ่อนนุช 59,หลังเล็ก,13.719636,100.6751,https://drive.google.com/drive/folders/1xLGk_AN1OFObVzxpULkSnhRzvOFYRo7J
484,ES 495,ประเวศ,สุขุมวิท 77,หน้าศูนย์ยรถยนต์ดา,หลังเล็ก,13.719977,100.677401,https://drive.google.com/drive/folders/1-8xkkPY014jJa2Jicv09FKZJ9nbUruWY
485,ES 496,หนองจอก,บุรีรัมย์,หน้าตีนาคารกรุงเทพ ตลาดหนองจอก,หลังเล็ก,13.856099,100.864098,https://drive.google.com/drive/folders/1qf6XEqC_hIZK1ODbi4ULe9OT-O61pJ70
486,ES 497,หนองจอก,สังคมดิษฐ,ตรงข้ามโรงเรียนสุเหร่าอีมิมินา,หลังเล็ก,13.853889,100.869294,https://drive.google.com/drive/folders/1sgBEj5fjuMKN2s9FiGxb_m6nCT3eD0BF
487,ES 498,บางกะปิ,นวมินทร์,ปากซอยนวมินทร์ 19,หลังเล็ก,13.775423,100.645134,https://drive.google.com/drive/folders/10FqxzyjK8Y13XhZZF1J296i1vKG9BaiF
488,ES 499,บางกะปิ,นวมินทร์,ปากซอยนวมินทร์ 59,หลังเล็ก,13.787252,100.649589,https://drive.google.com/drive/folders/13I39fVhUwZbXZzM0sBXeUJMIdwL1oumm
489,ES 500,บางกะปิ,ลาดพร้าว,ตรงข้ามเดอะมอลล์บางกะปิ,หลังเล็ก,13.767418,100.642922,https://drive.google.com/drive/folders/1rFBPuPRlKzMnYhpFJ_ba3tU1-6do-gV4
490,ES 501,บางกะปิ,ลาดพร้าว,ปากซอย 132,หลังเล็ก,13.771809,100.634743,https://drive.google.com/drive/folders/1-QIK1NjIV1Wo7Ma0H8ZzVDt5uawsfDBE
491,ES 504,สะพานสูง,ถนนราษฎร์พัฒนา,หน้าบริษัทสหยนต์มาร์เก็ตซ์,หลังเล็ก,13.773876,100.706192,https://drive.google.com/drive/folders/1CEz1VeHl7sgAzguInIDV2BnlhaBpUGCF
492,ES 505,สะพานสูง,ถนนราษฎร์พัฒนา,ปากซอยถนนราษฎร์พัฒนา 31,หลังเล็ก,13.768182,100.697393,https://drive.google.com/drive/folders/1X0BqcuT_jWKtY7wX0Z6wMEX-NWIaVUko
493,ES 506,สะพานสูง,ถนนราษฎร์พัฒนา,ตรงข้ามถนนราษฎร์พัฒนา 31,หลังเล็ก,13.768282,100.698044,https://drive.google.com/drive/folders/1kdMh5fFA7CqrEsZlsFMMkB33b4DlJWqC
494,ES 507,สะพานสูง,ถนนราษฎร์พัฒนา,ตรงข้ามถนนราษฎร์พัฒนา 24,หลังเล็ก,13.768298,100.698608,https://drive.google.com/drive/folders/1wXnqvv3qTmkOTCcvHmSeWTiddveMZ_yw
495,ES 508,สะพานสูง,ถนนราษฎร์พัฒนา,ปากซอยถนนราษฎร์พัฒนา 20,หลังเล็ก,13.768455,100.701783,https://drive.google.com/drive/folders/1LwiZP231xWibe22O5Vn5NONK8cF7biVf
496,ES 509,สะพานสูง,ถนนราษฎร์พัฒนา,ตรงข้ามถนนราษฎร์พัฒนา 16,หลังเล็ก,13.769191,100.705369,https://drive.google.com/drive/folders/1rWKDXVsZucyJWwPFmzRMYNeJXN-vrEAM
497,ES 510,สะพานสูง,ถนนราษฎร์พัฒนา,ตรงข้ามบ้านสวนกาลันตินิคา,หลังเล็ก,13.771135,100.70563,https://drive.google.com/drive/folders/1_ZS6gFnaf__XTNBG3top8Nk3htEsZ79Q
498,ES 511,สะพานสูง,ถนนราษฎร์พัฒนา,ตรงข้ามถนนราษฎร์พัฒนา 10,หลังเล็ก,13.779532,100.70574,https://drive.google.com/drive/folders/1Iqg98d-hwl6uSDs0Sb_Lf6k9QftJkof7
499,ES 512,สะพานสูง,ถนนราษฎร์พัฒนา,ปากซอยถนนราษฎร์พัฒนา 5,หลังเล็ก,13.785094,100.705396,https://drive.google.com/drive/folders/1X2Pu6BsAWeXWq0N6P2enQ7Ja6MS6Ot7e
500,ES 513,สะพานสูง,ถนนราษฎร์พัฒนา,ปากซอยถนนราษฎร์พัฒนา 7,หลังเล็ก,13.783522,100.705935,https://drive.google.com/drive/folders/1IOvP-bAQoETrM-BaOyund65d4_511oJN
501,ES 514,ลาดกระบัง,เคหะร่มเกล้า,ก่อนถึงแยกถนนร่มเกล้า,หลังเล็ก,13.773965,100.745278,https://drive.google.com/drive/folders/1kV0EPKVV79Recc1KeUJM33aoZPQRkusZ
502,ES 515,ลาดกระบัง,เคหะร่มเกล้า,ปากซอยเคหะร่มเกล้า 2,หลังเล็ก,13.773329,100.73327,https://drive.google.com/drive/folders/1W3t5gKFhrbpPSU1AvMXc_K-0ywoXHGRY
503,ES 516,ลาดกระบัง,เคหะร่มเกล้า,บริเวณสถานีตำรวจนครบาลร่มเกล้า,หลังเล็ก,13.765776,100.731935,https://drive.google.com/drive/folders/1Miswf2gATWzCYWgs-AgZb_V1xtxwswz1
504,ES 517,ลาดกระบัง,เคหะร่มเกล้า,หน้าสวน 60 พรรษา,หลังเล็ก,13.763824,100.730574,https://drive.google.com/drive/folders/1407t2s6iSTat2LI0kBWEe8G4UOupqOB8
505,ES 518,ลาดกระบัง,เคหะร่มเกล้า,ตรงข้ามสวน 60 พรรษา,หลังเล็ก,13.763125,100.729971,https://drive.google.com/drive/folders/1rHN2TeqQeRLqAIcvhRwCtdIhwkx24Pv-
506,ES 519,ลาดกระบัง,เคหะร่มเกล้า,หมู่บ้านเยื่ออดทาร,หลังเล็ก,13.764728,100.725401,https://drive.google.com/drive/folders/1h-XJxvnlVgCjK-a7lejpw2qjtYp6UmcV
507,ES 520,ลาดกระบัง,เคหะร่มเกล้า,ตรงข้ามหมู่บ้านเยื่ออดทาร,หลังเล็ก,13.764783,100.725431,https://drive.google.com/drive/folders/1V955etopRj_HW7Z-X_Xk2Q7jZmzMsHgf
508,ES 521,สะพานสูง,เคหะร่มเกล้า,ปากซอยเคหะร่มเกล้า 82,หลังเล็ก,13.774599,100.706937,https://drive.google.com/drive/folders/1mGIXOl6qm7xGOXleGvvgbpUJvnDjtF5f
509,ES 522,สะพานสูง,เคหะร่มเกล้า,หน้าร้านอาหารบ้านสเต็ก,หลังเล็ก,13.773189,100.70748,https://drive.google.com/drive/folders/1VMrTOlqEemnEIXOD6_L_oD_kYyhsWdqn
510,ES 523,สะพานสูง,เคหะร่มเกล้า,ตรงข้ามหน้าร้านอาหารบ้านสเต็ก,หลังเล็ก,13.773007,100.707571,https://drive.google.com/drive/folders/1NjtAMAe-vsPBveK8zmiJwcLqpfZHX4p9
511,ES 524,ลาดกระบัง,เคหะร่มเกล้า,วัดปากบึง,หลังเล็ก,13.773512,100.736547,https://drive.google.com/drive/folders/1nsgLf6Ml4V6Ry0jIXtA0aa9s_zENInh9
512,ES 525,สะพานสูง,เคหะร่มเกล้า,ปากซอยเคหะร่มเกล้า 66,หลังเล็ก,13.768858,100.717309,https://drive.google.com/drive/folders/1cVoEF41zqQIsIhtMI3VTtmIwm2MQSOEa
513,ES 526,สะพานสูง,เคหะร่มเกล้า,เคหะร่มเกล้า ซอย 64 (หน้า ม.สินวิลล่า 5),หลังเล็ก,13.766165,100.722333,https://drive.google.com/drive/folders/16pWJpSIK90k5mhqpH-2_yo7_6wfaiw_c
514,ES 527,ลาดกระบัง,เคหะร่มเกล้า,ตรงข้ามร้านเจริญผ้าม้วน,หลังเล็ก,13.773762,100.740284,https://drive.google.com/drive/folders/1vPVdx0VYgWHBb5zZ6YTgPvldHl2DW_Bw
515,ES 528,ลาดกระบัง,เคหะร่มเกล้า,เคหะร่มเกล้า ซอย 7,หลังเล็ก,13.771727,100.732387,https://drive.google.com/drive/folders/16ARXiZh6BXf77t9WvoAbXPVHa2ZldXVK
516,ES 529,ลาดกระบัง,เคหะร่มเกล้า,เคหะร่มเกล้า ซอย 18,หลังเล็ก,13.770586,100.732356,https://drive.google.com/drive/folders/11aIYhV0JXsDq4tKtIa5g9ZSHm1PIbwOY
517,ES 530,ลาดกระบัง,ฉลองกรุง,บริเวณหน้าโปรชมพี ลาดกระบัง,หลังเล็ก,13.742834,100.791733,https://drive.google.com/drive/folders/1kjymOHJNXF-dI2Grw4VqLoZuI_sChg4D
518,ES 531,ลาดกระบัง,ฉลองกรุง,หน้าบริษัท พุดบอลไทย,หลังเล็ก,13.78564,100.824746,https://drive.google.com/drive/folders/1V8RwTCdAfIZREhg7m9nnPjVFMw0W_Dzf
519,ES 532,ลาดกระบัง,ฉลองกรุง,ปากซอยฉลองกรุง 40,หลังเล็ก,13.761287,100.801983,https://drive.google.com/drive/folders/14UlNWWqjhWYWpVcGBJAEYnR-0d8rSOM7
520,ES 533,ลาดกระบัง,ฉลองกรุง,ถนนฉลองกรุง ซอย2,หลังเล็ก,13.736064,100.78799,https://drive.google.com/drive/folders/1QPUmYMzcFOSWtSao0QVt4ThJNdDCG6XY
521,ES 534,ลาดกระบัง,ฉลองกรุง,ถนนฉลองกรุง ซอย10,หลังเล็ก,13.743836,100.792271,https://drive.google.com/drive/folders/14QIg5oD8w-8CwNsaPmxCgnyVGiyhbzNA
522,ES 535,ลาดกระบัง,ฉลองกรุง,ตรงข้ามฉลองกรุง 2,หลังเล็ก,13.735855,100.787604,https://drive.google.com/drive/folders/1pQe9D5XzBi45oSRU5OwxXPqq_0q4HJNq
523,ES 536,ลาดกระบัง,ฉลองกรุง,ซ.ฉลองกรุง 52,หลังเล็ก,13.769627,100.809448,https://drive.google.com/drive/folders/1dNLyF_iD9w0RPdEBj6iAUepf4uDcHWlU
524,ES 537,ลาดกระบัง,ฉลองกรุง,ตรงข้ามฉลองกรุง 15,หลังเล็ก,13.747981,100.793511,https://drive.google.com/drive/folders/1TxT7Wy9sebDHNaHv9ToCBxhimrYqmw-T
525,ES 538,ลาดกระบัง,ลาดกระบัง,ปากซอยสุมล,หลังเล็ก,13.721871,100.772405,https://drive.google.com/drive/folders/1IqR9INPcUtRFMhTwbnoyOvgavF8hCfzt
526,ES 539,ลาดกระบัง,ลาดกระบัง,ตรงข้ามซอยลาดกระบัง 42,หลังเล็ก,13.72159,100.764966,https://drive.google.com/drive/folders/19Poa5eIfdcj8ywGKO4B74ZfHt7cYMWoH
527,ES 540,ลาดกระบัง,ลาดกระบัง,หน้าปั้มน้ำมัน พี ที ไอ,หลังเล็ก,13.722443,100.731137,https://drive.google.com/drive/folders/118Pl1i4PtbZsyxEbr-_8QIdWnwHPtXEZ
528,ES 541,ลาดกระบัง,ลาดกระบัง,หน้าร้านกินโชโชขย,หลังเล็ก,13.722181,100.722346,https://drive.google.com/drive/folders/1z-1oB1qBrF1xN0_R6Z8NETQDpFa9Swpw
529,ES 542,ลาดกระบัง,ลาดกระบัง,ตรงข้ามซอยลาดกระบัง 14/1,หลังเล็ก,13.722272,100.716605,https://drive.google.com/drive/folders/1rB56CWDejghISf_uVrz2ptSvCfAZBX9o
530,ES 543,ลาดกระบัง,ลาดกระบัง,หน้าปั้มน้ำมัน เอสโซ่,หลังเล็ก,13.722207,100.713553,https://drive.google.com/drive/folders/1Z6-6YC9OR5ZZqD-sV_sUMdSxiyavzX_y
531,ES 544,ลาดกระบัง,ลาดกระบัง,ปากซอยแม่พัด,หลังเล็ก,13.722184,100.710875,https://drive.google.com/drive/folders/1hw0bxNVkU50slBLF2P8uEj6nqap9O9Pj
532,ES 545,ลาดกระบัง,ลาดกระบัง,หน้าโปรซมณีย์เจ้าคุณทหาร,หลังเล็ก,13.721729,100.7771,https://drive.google.com/drive/folders/1bPrzLSKGhxY7eIlT64kJM6rfjG4qR2Am
533,ES 546,ลาดกระบัง,ลาดกระบัง,หน้าร้านสุขสมวน (ซอยลาดกระบัง 13/1),หลังเล็ก,13.721929,100.776916,https://drive.google.com/drive/folders/1VXmxvqtfOuM1IO2py5CQPsTaID9mahVm
534,ES 547,ลาดกระบัง,ลาดกระบัง,หน้าร้านแซลิน,หลังเล็ก,13.721708,100.773871,https://drive.google.com/drive/folders/1gSBcDpMJvi91MN8HzYmywbdwEbT_7GlE
535,ES 548,ลาดกระบัง,ลาดกระบัง,ปากซอยดีดี,หลังเล็ก,13.721689,100.772222,https://drive.google.com/drive/folders/1AXyyx95tlWc2av0rTYTGRRV13HamJTAa
536,ES 549,ลาดกระบัง,ลาดกระบัง,ปากซอยลาดกระบัง 42,หลังเล็ก,13.721593,100.765004,https://drive.google.com/drive/folders/1X-qnZ7MA7ysUcxEvz7zRHmGejfP8dGaX
537,ES 550,ลาดกระบัง,ลาดกระบัง,ได้ทางยกระดับเข้าสนามบินสุวรรณภูมิ,หลังเล็ก,13.721549,100.759383,https://drive.google.com/drive/folders/1A-1gwHE42ce8Dr_woAfb16j9GS3C2i7J
538,ES 551,ลาดกระบัง,ลาดกระบัง,หน้าปั้มน้ำมัน เอสโซ่ 3/4,หลังเล็ก,13.722626,100.741378,https://drive.google.com/drive/folders/1jTuU79c7l7KvtRb95Lw0kYlukZbA2hEZ
539,ES 552,ลาดกระบัง,ลาดกระบัง,หน้าร้านนายเปลว,หลังเล็ก,13.72246,100.743637,https://drive.google.com/drive/folders/1FI5GP2btDSlBDMmufYoHTdm0a7Vqk2Hm
540,ES 553,ลาดกระบัง,ลาดกระบัง,หน้าหมู่บ้านภูโน้เนี้ยน,หลังเล็ก,13.722345,100.733466,https://drive.google.com/drive/folders/1RTV0dJjGxA6paq7MmZULd-eJSFmxAgDa
541,ES 554,ลาดกระบัง,ลาดกระบัง,ตรงข้ามปั้มน้ำมัน พี ที ไอ,หลังเล็ก,13.72236,100.731147,https://drive.google.com/drive/folders/16x83fLM8o833IPky7dFeSrW_iLt5U-W1
542,ES 555,ลาดกระบัง,ลาดกระบัง,ศูนย์โชว์รูมโตโยต้า (พาซีไอ),หลังเล็ก,13.722138,100.727484,https://drive.google.com/drive/folders/1OcXLXVyCaUQkrGrqBktJqhq_AsHtg0Gg
543,ES 556,ลาดกระบัง,ลาดกระบัง,ตรงข้ามกินโชกิจขย,หลังเล็ก,13.722034,100.722381,https://drive.google.com/drive/folders/1d0Y4Pt3YDPzTVlazP5_ALNS6-a_tEVTh
544,ES 557,ลาดกระบัง,ลาดกระบัง,ซอยลาดกระบัง 34/3,หลังเล็ก,13.72252,100.747797,https://drive.google.com/drive/folders/1uSp85cb0mCfwOOqplQ5R0NVssqqbK06I
545,ES 558,ลาดกระบัง,ลาดกระบัง,ปากซอยลาดกระบัง 13,หลังเล็ก,13.721913,100.774739,https://drive.google.com/drive/folders/1wj2m9PSTQoVAbkwdxRxbJsYiD0_TKyvU
546,ES 559,ลาดกระบัง,ลาดกระบัง,ปากซอยลาดกระบัง 46/4,หลังเล็ก,13.72172,100.775732,https://drive.google.com/drive/folders/1tHs6cvuHuloNHd_kbDbLdmICi0EToTRX
547,ES 560,ลาดกระบัง,ลาดกระบัง,ปากซอยลาดกระบัง 46/2,หลังเล็ก,13.7217,100.774916,https://drive.google.com/drive/folders/153hgD5oCflzixrUXsD9vFH2WwYgGJMqB
548,ES 561,ลาดกระบัง,ลาดกระบัง,ปากซอยลาดกระบัง 28,หลังเล็ก,13.722348,100.735825,https://drive.google.com/drive/folders/11xvlL51XnayFpFIsNtoqOxx6f0Q-AjDb
549,ES 562,ลาดกระบัง,ลาดกระบัง,ปากซอยลาดกระบัง 16,หลังเล็ก,13.722092,100.71736,https://drive.google.com/drive/folders/10tElBEBW3l59XUbt1aL4V4-Pv4vzKZ2C
550,ES 563,ลาดกระบัง,ลาดกระบัง,ปากซอยลาดกระบัง 6,หลังเล็ก,13.722,100.711222,https://drive.google.com/drive/folders/1H6j_DhdM7gFdouNzM-MstafYl1AbAne0
551,ES 564,ลาดกระบัง,หลวงแพ่ง,ตรงข้ามศูนย์โตโยต้า สาขาลาดกระบัง,หลังเล็ก,13.719211,100.797692,https://drive.google.com/drive/folders/1xkIOrNulZDsZmLhXUrc84htqFqFAjqN8
552,ES 565,ลาดกระบัง,หลวงแพ่ง,หน้า The Ring Pavilion (เก่า),หลังเล็ก,13.717882,100.80173,https://drive.google.com/drive/folders/1xVX6ujbhaDr8AQHOu0AQvH5pV_err_pE
553,ES 566,ลาดกระบัง,หลวงแพ่ง,ฝั่งตรงข้ามปากซอยหลวงแพ่ง 10,หลังเล็ก,13.716169,100.806678,https://drive.google.com/drive/folders/1QhYfn1FYSzMeZxj4apa3DPUtlx1VSJ1q
554,ES 567,ลาดกระบัง,หลวงแพ่ง,หน้าร้านตลาดนัดกระเบื้อง,หลังเล็ก,13.714621,100.810583,https://drive.google.com/drive/folders/15zJuMF-51m_lI-W2-9tvnYGxA2ym3IL5
555,ES 568,ลาดกระบัง,หลวงแพ่ง,หน้าโรงเรียนแสงศรีวิทยา,หลังเล็ก,13.713426,100.813011,https://drive.google.com/drive/folders/1sW5PTgLRjCdbp_m_NwrivJ9uN8SA2nth
556,ES 569,ลาดกระบัง,หลวงแพ่ง,ตรงข้ามร้านตลาดกระเบื้อง,หลังเล็ก,13.714419,100.810592,https://drive.google.com/drive/folders/1BW9mREbVqjsGbuPnjeGxEEfiaQCiAnyW
557,ES 570,ลาดกระบัง,หลวงแพ่ง,ปากซอยหลวงแพ่ง 10,หลังเล็ก,13.715968,100.806686,https://drive.google.com/drive/folders/1uL_2-QbQUcPUZVHA7gyNhOmWYbPklEOw
558,ES 571,ลาดกระบัง,หลวงแพ่ง,ปากซอยบ้านเยื่ออดทาร,หลังเล็ก,13.717708,100.801692,https://drive.google.com/drive/folders/1-I2Nid580GqAcO6M1wV4_wy4KyPrpR9r
559,ES 573,หนองจอก,คู้คลองก้า,ตรงข้ามซอยคลองก้า ๙ หน้า Big C,ทรงไทย,13.90768,100.79376,https://drive.google.com/drive/folders/1oG23d4psoqI1h8M4zD4DjtFMK25_5C0q
560,ES 574,หนองจอก,คู้คลองก้า,ตรงข้ามโรงเรียนสุเหร่าคู้คลองก้า,ทรงไทย,13.90497,100.79379,https://drive.google.com/drive/folders/13qEHCj21ZAdyf9PYuVHj3dSkP2QIj8qo
561,ES 575,หนองจอก,คู้คลองก้า,ตรงข้ามลำสไฟฟ้า ม. ๓๑๓๗,ทรงไทย,13.89511,100.79522,https://drive.google.com/drive/folders/1qlkdhnxLyb09PsxdEGyzFSoRYqlEMSk8
562,ES 576,หนองจอก,คู้คลองสิบ,ถนนคู้คลองสิบ สุดเขตกรุงเทพมหานคร,ทรงไทย,13.93324,100.81131,https://drive.google.com/drive/folders/1WGYrBdWK64SiX90ih5WMMGbx7OnOFCEf
563,ES 577,หนองจอก,คู้คลองสิบ,ตรงข้ามโรงเรียนสุเหร่าคลองสิบ,ทรงไทย,13.92067,100.81257,https://drive.google.com/drive/folders/17ojMPyYFcbVehJPON7r7pj0SRz0kceHc
564,ES 578,หนองจอก,คู้คลองสิบ,ตรงข้ามโรงเรียนสุเหร่าคลองสิบ,ทรงไทย,13.90453,100.81102,https://drive.google.com/drive/folders/1caEvVYXmT8QLz_B_KmxUMEkvJjqPCDO6
565,ES 579,หนองจอก,คู้คลองสิบ,โรงเรียนสุเหร่าคลองสิบ,ทรงไทย,13.90436,100.81106,https://drive.google.com/drive/folders/1ihTXSIRfGzhy0NdxVGJhqCGHPwzjNUS7
566,ES 580,หนองจอก,คู้คลองสิบ,หน้าอนามัย,ทรงไทย,13.901039,100.811081,https://drive.google.com/drive/folders/1tpWkZ-CWkcujD0oD3-_gm18JJEgfoJv6
567,ES 581,หนองจอก,คู้คลองสิบ,ตรงข้ามวัดสลามว่วม,ทรงไทย,13.88882,100.81013,https://drive.google.com/drive/folders/1yLL7IPjRRiuJBKUPWzkMgqLDWqlbq_V5
568,ES 582,หนองจอก,คู้คลองสิบ,ปากซอยถนนคู้คลองสิบ ๔,ทรงไทย,13.88361,100.809616,https://drive.google.com/drive/folders/1il0ukg1yoHwPTiJUa-VFpNOzrsIemEYi
569,ES 583,หนองจอก,คู้คลองสิบ,ถนนคู้คลองสิบ ๒,ทรงไทย,13.88015,100.8088,https://drive.google.com/drive/folders/1xMNLr51KY3Kx7HMKsqdF5GIXTqhxe0hn
570,ES 584,หนองจอก,ประชาสำราญ,ตรงข้ามประชาสำราญ ๓,ทรงไทย,13.86998,100.86283,https://drive.google.com/drive/folders/1RITB8BAaqXFRNDW27eFxemqanIt9RRkv
571,ES 585,หนองจอก,ประชาสำราญ,ก่อนถึงมัดฟัดยิดดิตสถิม,ทรงไทย,13.875247,100.863671,https://drive.google.com/drive/folders/1wDjsIjO9L4LKorSzZeY7JWADL9tf8y_k
572,ES 586,หนองจอก,ประชาสำราญ,ตรงข้ามศูนย์การเรียนรู้ศาสนศาสนาขยายพันธุ์ไม้,ทรงไทย,13.8741,100.86349,https://drive.google.com/drive/folders/1euuldwoEesJyoPUofpkDSj-IKXLDVAjc
573,ES 587,หนองจอก,ประชาสำราญ,ตรงข้ามประชาสำราญ ๒,ทรงไทย,13.8851,100.86382,https://drive.google.com/drive/folders/1MZOd5NISu0VD9HtSLi55TtvGsGFz_psE
574,ES 588,หนองจอก,ประชาสำราญ,ตรงข้ามก้ายเลี้ยวบาตัลอจ,ทรงไทย,13.89049,100.86367,https://drive.google.com/drive/folders/1_6kVFGA0KMCOEfvdqcLHWAuyzozqRASy
575,ES 589,หนองจอก,ประชาสำราญ,หมู่บ้านวิวนาชานี,ทรงไทย,13.89346,100.86334,https://drive.google.com/drive/folders/1iJ2-lM5g70Aiplll1q84kWL2elvZFIiK
576,ES 590,หนองจอก,ประชาสำราญ,ซอยแสนเกษม,ทรงไทย,13.89477,100.86312,https://drive.google.com/drive/folders/18p4tx3ISOFx1Lvyes2ATSdQLNqucL9lO
577,ES 591,หนองจอก,ประชาสำราญ,ซอยพัฒมุข,ทรงไทย,13.90069,100.86296,https://drive.google.com/drive/folders/1jbAoF-WYUAQkJzGwJeTNGWJEnQoUo0-d
578,ES 592,หนองจอก,ประชาสำราญ,หน้าร้านอาหารครูยา,ทรงไทย,13.9027,100.86303,https://drive.google.com/drive/folders/1WO-ZD4IRN4M1dOgLSWp_LfJ6RKuFbno2
579,ES 593,หนองจอก,ประชาสำราญ,ตรงข้าม ม. สิมนับต์เชอร์วิส,ทรงไทย,13.90896,100.86344,https://drive.google.com/drive/folders/1kslXyvcB3nTzRETcAQ79rTLmQrVxnlIq
580,ES 594,หนองจอก,ประชาสำราญ,ตรงข้ามวัดพระยาของเทพปลา,ทรงไทย,13.914894,100.863869,https://drive.google.com/drive/folders/1TZxjifGwtQVD2zqb_2n_AhjLOvbdj0fz
581,ES 595,หนองจอก,ประชาสำราญ,ตรงข้ามร้านขายของเทพา,ทรงไทย,13.92462,100.86401,https://drive.google.com/drive/folders/1-G7ASXAtwR8jY_MjEvy-1FXtMnoejXRn
582,ES 596,หนองจอก,ประชาสำราญ,ซอยรวมพัฒนา,ทรงไทย,13.92967,100.86426,https://drive.google.com/drive/folders/1R3pGoDSsqAJ6vTRDhW_IWhtbh7ZUBCOc
583,ES 597,หนองจอก,ประชาสำราญ,ซอยประชาสำราญ ๑,ทรงไทย,13.93146,100.864346,https://drive.google.com/drive/folders/1RGCMdb0tyvZdRc19YquWEeur35kyXIQH
584,ES 598,หนองจอก,ประชาสำราญ,ซอยสุดสำรวจ,ทรงไทย,13.93952,100.86487,https://drive.google.com/drive/folders/1iUlDDjybRf6FK0QYVTSKj3xbLJWAx6dS
585,ES 600,หนองจอก,สังสมดิษฐ,ซอยสังสมดิษฐ ๘๑,ทรงไทย,13.82271,100.92451,https://drive.google.com/drive/folders/1cVS1oyrSh_mJ3beVE8t4kwfdK0uZZUPh
586,ES 601,หนองจอก,สังสมดิษฐ,ซอยสังสมดิษฐ ๘๒,ทรงไทย,13.83535,100.9078,https://drive.google.com/drive/folders/131G2G_mlDZYaHZvx1Y9RSinJEUU3Kpop
587,ES 602,หนองจอก,สังสมดิษฐ,ตรงข้ามปากซอยสังสมดิษฐ ๗๕,ทรงไทย,13.835431,100.90273,https://drive.google.com/drive/folders/1srKcfnxTpBTSQXFdmSXNEU6mu0o4BTsb
588,ES 603,หนองจอก,สังสมดิษฐ,ตรงข้ามซอยสังสมดิษฐ ๖๔,ทรงไทย,13.84536,100.89575,https://drive.google.com/drive/folders/197Qo_6FlhYKUeVB7v1Wnulw6VzAKB0w-
589,ES 604,หนองจอก,สังสมดิษฐ,ตรงข้ามซอยสังสมดิษฐ ๖๑,ทรงไทย,13.845439,100.895722,https://drive.google.com/drive/folders/1lQzOG6h_WcNf32l1zSAgFR0dlAq3Dk5J
590,ES 605,หนองจอก,สังสมดิษฐ,ข้างโรงเรียนวัดท่าไข่,ทรงไทย,13.848561,100.890778,https://drive.google.com/drive/folders/1nmQ3bQglZOF6Vp2NVWUpRTjhDr_-PGwG
591,ES 606,หนองจอก,สังสมดิษฐ,ตรงข้ามซอยสูงใหม่,ทรงไทย,13.84977,100.88544,https://drive.google.com/drive/folders/1Zb2SyDPt1fbbJ66V2YkwtA0z952Knl7Q
592,ES 607,หนองจอก,สังสมดิษฐ,ซอยสังสมดิษฐ ๘๑,ทรงไทย,13.85115,100.8798,https://drive.google.com/drive/folders/1bVfN7x0ndPqHavE8x8fcgNv5PnPfOBum
593,ES 608,หนองจอก,สังสมดิษฐ,ตรงข้ามโรงเรียนเข้มแข็งเทรช่า,ทรงไทย,13.84977,100.88544,https://drive.google.com/drive/folders/1ygcEIqvuPOO5ld0aV-8o8VuS6GJ7l1Sx
594,ES 609,หนองจอก,สังสมดิษฐ,โรงเรียนเข้มแข็งเทรช่า,ทรงไทย,13.8518,100.87743,https://drive.google.com/drive/folders/1mgTJn5YnbRQaPlP2l-1EZKdI-MsoyxDJ
595,ES 610,หนองจอก,มุดทุพันธ์,ซอยมุดทุพันธ์ ๒๐,ทรงไทย,13.85422,100.88446,https://drive.google.com/drive/folders/11FvnLrQm-yiLAEyhIER4AmdlydGT9upm
596,ES 611,หนองจอก,มุดทุพันธ์,โรงเรียนสุเหร่าศาลาแดง,ทรงไทย,13.85154,100.89702,https://drive.google.com/drive/folders/1RyHrydY4jCmmMGWxi88nK2bL7ZZ7V82z
597,ES 623,หนองจอก,ร่วมพัฒนา,บริษัท คลิ้นแนนทยอรริโปโนตัดศักดิ์ จำกัด,ทรงไทย,13.79423,100.87215,https://drive.google.com/drive/folders/1CGVPYiyPivJfDz7rU7BDqrwRewT5G_oH
598,ES 624,หนองจอก,ร่วมพัฒนา,ก่อนถึงซอยร่วมพัฒนา ๓๐,ทรงไทย,13.77894,100.87037,https://drive.google.com/drive/folders/1E-4hZT4zqhesZqx_VxFMa6JCUe2-fMUx
599,ES 625,หนองจอก,ร่วมพัฒนา,วัดลำต้อยติ่ง,ทรงไทย,13.7565,100.89022,https://drive.google.com/drive/folders/1DPPYmFzwTcI2edD0FWArbyfxBLX2jTjc
600,ES 626,หนองจอก,คลองสิบ,ซอยโรงเรียนสุเหร่าคลองสิบเอ็ด,ทรงไทย,13.91261,100.840443,https://drive.google.com/drive/folders/1U_PPcTfMnwMd30hkJgeN9Wup00nyfgDi
601,ES 627,หนองจอก,อยู่วิทยา,ซอยอยู่วิทยา ๓๒,ทรงไทย,13.833762,100.869935,https://drive.google.com/drive/folders/1e3zRI900LBB4iKDndmRqqGwf4zlSD4CP
602,ES 628,มีนบุรี,เสรีไทย,ซอยเสรีไทย ๕๗,ทรงไทย,13.798541,100.698365,https://drive.google.com/drive/folders/12pD1fNUdqreHAijE1pXNjYu4syg1Pwqw
603,ES 629,มีนบุรี,เสรีไทย,ซอยเสรีไทย ๕๙/๒ (หมู่บ้านเกษรา),ทรงไทย,13.796967,100.694771,https://drive.google.com/drive/folders/1KPHDfRsIwZPljdxjnHVZ1SNAUj-jYmsR
604,ES 630,มีนบุรี,เสรีไทย,ซอยเสรีไทย ๔๐/๓ (ตรงข้ามหมู่บ้านเกษรา),ทรงไทย,13.796263,100.693748,https://drive.google.com/drive/folders/1f9gexHtlVLTEsXwqKIZ2pz5wWo3TP0Ab
605,ES 631,มีนบุรี,เสรีไทย,ตรงข้ามซอยเสรีไทย ๓๙ (ตรงข้ามปากทางสวนสยาม),ทรงไทย,13.795457,100.691873,https://drive.google.com/drive/folders/1d9xJW1CLPgpe8gQrGHcUk6x2i9DXGhgr
606,ES 632,มีนบุรี,เสรีไทย,ซอยเสรีไทย ๔๖ (สุเหร่าแดง),ทรงไทย,13.793568,100.687331,https://drive.google.com/drive/folders/1X3ZpsFl8ld50vPPLUPkHhRe4qyYoaim3